cell_id,eval_type,operating_temp_c,cycle_index,ground_truth_soh,predicted_soh,prediction_error,abs_prediction_error,baseline_pred,target_delta_f,ig_sum,completeness_error,attr_signed_voltage,attr_signed_current,attr_signed_temperature,attr_signed_time,attr_abs_voltage,attr_abs_current,attr_abs_temperature,attr_abs_time,attr_mean_abs_voltage,attr_mean_abs_current,attr_mean_abs_temperature,attr_mean_abs_time,pct_voltage,pct_current,pct_temperature,pct_time,alt_pct_voltage,alt_pct_current,alt_pct_temperature,alt_pct_time,soh_bin
B0018,unseen_cell,24.0,0,1.0,0.8978379964828491,-0.10216200351715088,0.10216200351715088,0.871135950088501,0.026702046394348145,0.026702479,4.3213367e-07,0.110391736,-0.20302746,7.093598e-07,0.11933749,0.12630017,0.204391,6.569474e-06,0.2543794,0.00024668002,0.00039920118,1.2831004e-08,0.00049683475,21.586927,34.93403,0.0011228389,43.477924,42.769318,28.297714,0.001616838,28.931353,"[1.00, 1.15]"
B0018,unseen_cell,24.0,1,0.9936339855194092,0.9167732000350952,-0.07686078548431396,0.07686078548431396,0.871135950088501,0.04563724994659424,0.04563774,4.917383e-07,0.12164199,-0.20638153,8.17932e-07,0.13037646,0.13691993,0.20980282,6.975389e-06,0.277765,0.00026742174,0.00040977114,1.3623807e-08,0.0005425098,21.924913,33.59561,0.0011169653,44.47836,40.80485,29.013735,0.0016239152,30.17979,"[0.90, 1.00)"
B0018,unseen_cell,24.0,2,0.9916967153549194,0.9151805639266968,-0.07651615142822266,0.07651615142822266,0.871135950088501,0.0440446138381958,0.044045165,5.5134296e-07,0.12145391,-0.20917867,8.66006e-07,0.13176906,0.1401425,0.21056621,6.833947e-06,0.26927155,0.00027371582,0.00041126212,1.3347552e-08,0.000525921,22.6041,33.962997,0.0011022724,43.431797,46.25043,25.217018,0.0017537266,28.530798,"[0.90, 1.00)"
B0018,unseen_cell,24.0,3,0.9868836402893066,0.920467734336853,-0.06641590595245361,0.06641590595245361,0.871135950088501,0.04933178424835205,0.049332254,4.6938658e-07,0.122764796,-0.20591491,8.3851154e-07,0.13248153,0.13874006,0.21091919,7.042795e-06,0.28005084,0.00027097668,0.00041195154,1.3755459e-08,0.0005469743,22.032125,33.494274,0.0011184062,44.472485,39.823895,30.139029,0.0016069897,30.035465,"[0.90, 1.00)"
B0018,unseen_cell,24.0,4,0.9879761338233948,0.9351898431777954,-0.052786290645599365,0.052786290645599365,0.871135950088501,0.06405389308929443,0.064054534,6.4074993e-07,0.13270006,-0.21419641,1.2195744e-06,0.14554967,0.14964414,0.21640448,7.534219e-06,0.32863063,0.0002922737,0.000422665,1.4715272e-08,0.0006418567,21.541239,31.151375,0.001084549,47.3063,42.187706,27.488876,0.0017134404,30.321709,"[0.90, 1.00)"
B0018,unseen_cell,24.0,5,0.9857274293899536,0.9382404088973999,-0.04748702049255371,0.04748702049255371,0.871135950088501,0.06710445880889893,0.06710497,5.1409006e-07,0.13565034,-0.21593264,1.2608537e-06,0.14738601,0.15410437,0.21820976,7.6578945e-06,0.33570427,0.0003009851,0.00042619093,1.4956825e-08,0.0006556724,21.765352,30.819454,0.0010815838,47.414112,43.779953,26.276346,0.0017528457,29.941946,"[0.90, 1.00)"
B0018,unseen_cell,24.0,6,0.9817772507667542,0.9552575349807739,-0.026519715785980225,0.026519715785980225,0.871135950088501,0.08412158489227295,0.084122024,4.3958426e-07,0.12895946,-0.21047038,1.305729e-06,0.16563164,0.14744541,0.21203738,7.653462e-06,0.3263593,0.00028797932,0.00041413552,1.4948167e-08,0.0006374205,21.498207,30.916008,0.0011159093,47.584663,43.503334,27.503698,0.0017231809,28.991243,"[0.90, 1.00)"
B0018,unseen_cell,24.0,7,0.9785259366035461,0.9509361982345581,-0.027589738368988037,0.027589738368988037,0.871135950088501,0.07980024814605713,0.079800665,4.172325e-07,0.12731962,-0.20885924,1.2651363e-06,0.16133901,0.14517364,0.21035883,7.6099423e-06,0.32216385,0.00028354226,0.0004108571,1.48631685e-08,0.00062922627,21.421394,31.039932,0.0011229008,47.53755,42.513676,27.812222,0.001696978,29.67241,"[0.90, 1.00)"
B0018,unseen_cell,24.0,8,0.9726650714874268,0.9509568214416504,-0.021708250045776367,0.021708250045776367,0.871135950088501,0.07982087135314941,0.07982121,3.3527613e-07,0.12661162,-0.20805691,1.2318062e-06,0.16126527,0.14348017,0.21009862,7.577094e-06,0.3218307,0.0002802347,0.00041034888,1.4799012e-08,0.00062857557,21.243195,31.106503,0.0011218393,47.64918,41.771175,28.399334,0.0016742564,29.827816,"[0.90, 1.00)"
B0018,unseen_cell,24.0,9,0.9828009605407715,0.9353209733963013,-0.047479987144470215,0.047479987144470215,0.871135950088501,0.06418502330780029,0.064185254,2.30968e-07,0.12893003,-0.21055433,1.274819e-06,0.14580828,0.1468007,0.21316297,7.6096458e-06,0.3276806,0.0002867201,0.00041633393,1.4862589e-08,0.00064000115,21.348112,30.998676,0.0011066131,47.652103,41.651634,27.226976,0.0016970658,31.119698,"[0.90, 1.00)"
B0018,unseen_cell,24.0,10,0.9768846035003662,0.9527300596237183,-0.02415454387664795,0.02415454387664795,0.871135950088501,0.08159410953521729,0.08159426,1.4901161e-07,0.12798373,-0.20864324,1.2804697e-06,0.16225249,0.14679213,0.21082562,7.661408e-06,0.32127392,0.00028670338,0.0004117688,1.4963687e-08,0.00062748813,21.622076,31.054035,0.0011285043,47.322765,43.03192,27.580112,0.0016974899,29.386265,"[0.90, 1.00)"
B0018,unseen_cell,24.0,11,0.9728772044181824,0.9563772678375244,-0.01649993658065796,0.01649993658065796,0.871135950088501,0.08524131774902344,0.0852416,2.8312206e-07,0.12012295,-0.20078792,1.1687612e-06,0.1659054,0.13962106,0.20301665,7.5445446e-06,0.30107212,0.0002726974,0.0003965169,1.4735439e-08,0.0005880315,21.689806,31.538164,0.0011720274,46.77085,41.60158,29.110819,0.0016156823,29.28598,"[0.90, 1.00)"
B0018,unseen_cell,24.0,12,0.9654123783111572,0.9499958753585815,-0.015416502952575684,0.015416502952575684,0.871135950088501,0.07885992527008057,0.07886007,1.4156103e-07,0.11091645,-0.19077075,1.080376e-06,0.15871328,0.13326085,0.19485527,7.4198806e-06,0.28882986,0.0002602751,0.0003805767,1.4491954e-08,0.0005641208,21.599825,31.583467,0.0012026648,46.81551,38.155895,30.977839,0.0014881416,30.86478,"[0.90, 1.00)"
B0018,unseen_cell,24.0,13,0.9614374041557312,0.9449219703674316,-0.01651543378829956,0.01651543378829956,0.871135950088501,0.07378602027893066,0.07378616,1.4156103e-07,0.10750354,-0.18819727,1.0419485e-06,0.15447885,0.12922657,0.19222645,7.3489323e-06,0.2856865,0.00025239564,0.0003754423,1.4353383e-08,0.00055798143,21.284235,31.66062,0.0012104044,47.053936,37.084606,31.460842,0.0014541425,31.453096,"[0.90, 1.00)"
B0018,unseen_cell,24.0,14,0.96007239818573,0.9409645795822144,-0.019107818603515625,0.019107818603515625,0.871135950088501,0.06982862949371338,0.069828734,1.0430813e-07,0.10750928,-0.18872285,1.0689566e-06,0.15104124,0.13001685,0.19292717,7.429957e-06,0.2841757,0.00025393916,0.00037681087,1.4511635e-08,0.00055503065,21.415094,31.777063,0.0012237893,46.80662,38.708977,30.178162,0.0014764626,31.111383,"[0.90, 1.00)"
B0018,unseen_cell,24.0,15,0.9548273682594299,0.9365729093551636,-0.018254458904266357,0.018254458904266357,0.871135950088501,0.0654369592666626,0.06543705,8.940697e-08,0.10454805,-0.18482578,1.0419651e-06,0.14571373,0.13113081,0.18997127,7.400236e-06,0.2796352,0.00025611487,0.00037103763,1.4453586e-08,0.0005461625,21.828045,31.622631,0.0012318438,46.548096,38.625847,29.692762,0.0014783723,31.679907,"[0.90, 1.00)"
B0018,unseen_cell,24.0,16,0.9534372687339783,0.9354485273361206,-0.017988741397857666,0.017988741397857666,0.871135950088501,0.06431257724761963,0.064312845,2.682209e-07,0.1025053,-0.18226317,1.0432632e-06,0.14406967,0.13096143,0.18752359,7.423388e-06,0.27807936,0.00025578405,0.000366257,1.4498805e-08,0.00054312375,21.952333,31.43353,0.0012443411,46.612892,37.915462,30.191893,0.0014444749,31.891193,"[0.90, 1.00)"
B0018,unseen_cell,24.0,17,0.9453510642051697,0.9219352006912231,-0.023415863513946533,0.023415863513946533,0.871135950088501,0.05079925060272217,0.050799355,1.0430813e-07,0.08943326,-0.171414,9.044279e-07,0.1327792,0.12859112,0.17661892,7.1622353e-06,0.26287496,0.00025115453,0.00034495883,1.3988741e-08,0.00051342766,22.635609,31.089836,0.0012607523,46.273293,34.886707,32.04367,0.001339473,33.068275,"[0.90, 1.00)"
B0018,unseen_cell,24.0,18,0.9413560628890991,0.910801887512207,-0.03055417537689209,0.03055417537689209,0.871135950088501,0.039665937423706055,0.039666012,7.4505806e-08,0.084617145,-0.16913314,7.9679137e-07,0.12418121,0.12282695,0.17407176,6.9952384e-06,0.25924063,0.00023989638,0.0003399839,1.3662575e-08,0.00050632935,22.085363,31.29963,0.0012578053,46.61374,33.307663,33.07644,0.0012923159,33.614605,"[0.90, 1.00)"
B0018,unseen_cell,24.0,19,0.936744213104248,0.9066271781921387,-0.030117034912109375,0.030117034912109375,0.871135950088501,0.035491228103637695,0.035491303,7.4505806e-08,0.084229626,-0.17009829,7.817534e-07,0.121359184,0.119887404,0.17409824,7.041107e-06,0.25618482,0.00023415509,0.00034003562,1.3752162e-08,0.00050036097,21.790678,31.644016,0.0012797883,46.564034,33.91971,32.703148,0.0012838248,33.375866,"[0.90, 1.00)"
B0018,unseen_cell,24.0,20,0.9334298968315125,0.9022756814956665,-0.031154215335845947,0.031154215335845947,0.871135950088501,0.031139731407165527,0.031139836,1.0430813e-07,0.0777863,-0.16354671,7.475414e-07,0.116899505,0.11896351,0.16898245,6.9462008e-06,0.2533944,0.0002323506,0.00033004384,1.3566798e-08,0.0004949109,21.975452,31.215168,0.0012831321,46.808105,32.352917,33.792496,0.0012414646,33.85335,"[0.90, 1.00)"
B0018,unseen_cell,24.0,21,0.9210731983184814,0.9017957448959351,-0.019277453422546387,0.019277453422546387,0.871135950088501,0.030659794807434082,0.030660182,3.874302e-07,0.06604591,-0.15181068,6.318125e-07,0.116424315,0.11988905,0.16330321,6.7498977e-06,0.24692956,0.0002341583,0.00031895158,1.3183394e-08,0.0004822843,22.61509,30.804453,0.0012732566,46.579178,30.284554,35.23597,0.001193128,34.47829,"[0.90, 1.00)"
B0018,unseen_cell,24.0,22,0.9226230382919312,0.9029021263122559,-0.019720911979675293,0.019720911979675293,0.871135950088501,0.03176617622375488,0.03176666,4.8428774e-07,0.06715466,-0.15296915,6.314647e-07,0.11758052,0.11856024,0.16407424,6.813834e-06,0.24837407,0.00023156297,0.0003204575,1.3308269e-08,0.00048510561,22.327082,30.898207,0.0012831707,46.773422,30.232132,35.737324,0.0011870648,34.02935,"[0.90, 1.00)"
B0018,unseen_cell,24.0,23,0.9204840660095215,0.9000245332717896,-0.020459532737731934,0.020459532737731934,0.871135950088501,0.028888583183288574,0.028888702,1.1920929e-07,0.06452443,-0.15051198,6.1528624e-07,0.11487564,0.11713269,0.16153537,6.7900387e-06,0.24609022,0.00022877479,0.00031549876,1.3261794e-08,0.00048064496,22.320976,30.782417,0.0012939197,46.895313,29.879105,35.986782,0.001182749,34.13293,"[0.90, 1.00)"
B0018,unseen_cell,24.0,24,0.9429832696914673,0.9030029773712158,-0.039980292320251465,0.039980292320251465,0.871135950088501,0.031867027282714844,0.031867005,2.2351742e-08,0.08114228,-0.16757861,7.6637497e-07,0.11830257,0.118085384,0.1718488,6.98588e-06,0.25350606,0.00023063552,0.0003356422,1.3644297e-08,0.00049512903,21.72895,31.621984,0.0012854752,46.647778,33.19926,33.196064,0.0012621793,33.603416,"[0.90, 1.00)"
B0018,unseen_cell,24.0,25,0.934105396270752,0.9031622409820557,-0.03094315528869629,0.03094315528869629,0.871135950088501,0.03202629089355469,0.032026388,9.685755e-08,0.08045668,-0.16528583,7.5826614e-07,0.11685477,0.122825034,0.17117886,7.055295e-06,0.2675023,0.00023989264,0.00033433372,1.3779873e-08,0.00052246545,21.873932,30.485271,0.0012564787,47.63953,33.513805,32.58477,0.0012589799,33.900173,"[0.90, 1.00)"
B0018,unseen_cell,24.0,26,0.9284243583679199,0.9143328666687012,-0.01409149169921875,0.01409149169921875,0.871135950088501,0.043196916580200195,0.043197364,4.4703484e-07,0.07241726,-0.15506212,7.4474906e-07,0.12584148,0.12633574,0.16644946,7.008456e-06,0.254904,0.0002467495,0.0003250966,1.3688391e-08,0.0004978594,23.066753,30.390835,0.0012796246,46.541126,31.966698,34.463505,0.0012271152,33.568573,"[0.90, 1.00)"
B0018,unseen_cell,24.0,27,0.9228259325027466,0.9037219285964966,-0.01910400390625,0.01910400390625,0.871135950088501,0.032585978507995605,0.032586463,4.8428774e-07,0.064716935,-0.1481803,7.0042233e-07,0.11604913,0.12452693,0.16094282,6.8923773e-06,0.24527706,0.00024321667,0.00031434145,1.3461674e-08,0.00047905676,23.46228,30.323446,0.0012986017,46.21297,30.739391,34.75081,0.0012065603,34.50859,"[0.90, 1.00)"
B0018,unseen_cell,24.0,28,0.9160451292991638,0.8929517269134521,-0.02309340238571167,0.02309340238571167,0.871135950088501,0.021815776824951172,0.021816105,3.2782555e-07,0.060425796,-0.14558683,5.7388127e-07,0.10697657,0.11912076,0.15852714,6.7238007e-06,0.23685056,0.00023265774,0.0003096233,1.3132423e-08,0.00046259875,23.152489,30.811573,0.0013068479,46.03463,29.516766,35.388885,0.0011852804,35.093166,"[0.90, 1.00)"
B0018,unseen_cell,24.0,29,0.9132250547409058,0.8882091045379639,-0.025015950202941895,0.025015950202941895,0.871135950088501,0.01707315444946289,0.017073564,4.0978193e-07,0.055407964,-0.13789359,5.098645e-07,0.09955868,0.11599845,0.15409592,6.800669e-06,0.22830999,0.00022655947,0.0003009686,1.3282556e-08,0.00044591795,23.273647,30.91743,0.0013644696,45.80756,28.54358,36.26649,0.001170227,35.188763,"[0.90, 1.00)"
B0018,unseen_cell,24.0,30,0.9066838622093201,0.884501576423645,-0.02218228578567505,0.02218228578567505,0.871135950088501,0.013365626335144043,0.013365865,2.3841858e-07,0.056335185,-0.13445833,1.4718091e-07,0.09148887,0.11191729,0.15617652,7.2755465e-06,0.22411387,0.00021858845,0.00030503227,1.4210052e-08,0.0004377224,22.73748,31.729332,0.0014781238,45.531704,27.77147,37.709846,0.0011600564,34.51752,"[0.90, 1.00)"
B0018,unseen_cell,24.0,31,0.9040285348892212,0.8797574043273926,-0.024271130561828613,0.024271130561828613,0.871135950088501,0.008621454238891602,0.008621827,3.7252903e-07,0.06040448,-0.13363464,-1.8438868e-07,0.081852175,0.11079258,0.15870062,7.736571e-06,0.21600442,0.00021639175,0.00030996214,1.511049e-08,0.00042188363,22.820053,32.687717,0.001593509,44.490635,27.617586,37.774323,0.0011599895,34.606922,"[0.90, 1.00)"
B0018,unseen_cell,24.0,32,0.8978538513183594,0.8893814086914062,-0.008472442626953125,0.008472442626953125,0.871135950088501,0.018245458602905273,0.018245712,2.5331974e-07,0.052582175,-0.11981603,-1.0201666e-07,0.08547967,0.11872913,0.22050954,9.070098e-06,0.26923335,0.00023189283,0.0004306827,1.7715035e-08,0.0005258464,19.512379,36.239346,0.0014906131,44.24679,22.977642,40.527298,0.0011187872,36.493935,"[0.80, 0.90)"
B0018,unseen_cell,24.0,33,0.8933630585670471,0.8902930021286011,-0.003070056438446045,0.003070056438446045,0.871135950088501,0.019157052040100098,0.01915732,2.682209e-07,0.056261014,-0.123343006,-2.0185178e-06,0.08624133,0.12178209,0.20225307,1.0306472e-05,0.2521553,0.00023785564,0.00039502553,2.0129828e-08,0.0004924908,21.135355,35.101147,0.0017886945,43.76171,24.812925,40.695217,0.0011579072,34.4907,"[0.80, 0.90)"
B0018,unseen_cell,24.0,34,0.8885283470153809,0.883143424987793,-0.005384922027587891,0.005384922027587891,0.871135950088501,0.012007474899291992,0.0120079145,4.3958426e-07,0.048970338,-0.11474853,-1.4623339e-06,0.07778757,0.12047906,0.20066406,9.971535e-06,0.24782574,0.00023531067,0.000391922,1.9475655e-08,0.00048403465,21.174612,35.267403,0.0017525319,43.556232,23.919891,40.67318,0.001117751,35.405815,"[0.80, 0.90)"
B0018,unseen_cell,24.0,35,0.8834319114685059,0.8720827102661133,-0.011349201202392578,0.011349201202392578,0.871135950088501,0.0009467601776123047,0.00094719976,4.3958426e-07,0.047107324,-0.11808375,-2.1876306e-06,0.07192582,0.11574514,0.1963107,1.0330614e-05,0.24002942,0.00022606473,0.00038341933,2.017698e-08,0.00046880747,20.964693,35.557373,0.0018711641,43.476063,25.53615,40.72993,0.0011561444,33.73276,"[0.80, 0.90)"
B0018,unseen_cell,24.0,36,0.8774365186691284,0.8666830062866211,-0.010753512382507324,0.010753512382507324,0.871135950088501,-0.004452943801879883,-0.0044525675,3.7625432e-07,0.060683224,-0.123314664,-2.7224557e-06,0.058181595,0.11585592,0.19071318,1.0657397e-05,0.2390687,0.00022628109,0.00037248668,2.0815229e-08,0.00046693106,21.232704,34.951656,0.0019531618,43.813686,26.234898,40.982445,0.0012336,32.781425,"[0.80, 0.90)"
B0018,unseen_cell,24.0,37,0.874474287033081,0.8627105951309204,-0.011763691902160645,0.011763691902160645,0.871135950088501,-0.008425354957580566,-0.008425057,2.9802322e-07,0.05400298,-0.12022632,-2.5963845e-06,0.057800874,0.10944239,0.19302331,1.0545586e-05,0.23286319,0.00021375467,0.00037699865,2.0596847e-08,0.0004548109,20.44355,36.056244,0.0019698874,43.498226,26.258064,40.868607,0.0011978986,32.872135,"[0.80, 0.90)"
B0018,unseen_cell,24.0,38,0.8700823187828064,0.861614465713501,-0.00846785306930542,0.00846785306930542,0.871135950088501,-0.009521484375,-0.009521209,2.7567148e-07,0.05951555,-0.1226727,-2.8977806e-06,0.05363884,0.10897963,0.18980853,1.0600853e-05,0.2454664,0.00021285083,0.0003707198,2.070479e-08,0.00047942656,20.02326,34.874275,0.001947737,45.100517,26.708735,40.916626,0.0012195463,32.37342,"[0.80, 0.90)"
B0018,unseen_cell,24.0,39,0.9035296440124512,0.866053581237793,-0.0374760627746582,0.0374760627746582,0.871135950088501,-0.005082368850708008,-0.005081922,4.4703484e-07,0.050831713,-0.14040947,3.1727075e-07,0.084495515,0.10545936,0.15301329,6.7130677e-06,0.22201036,0.00020597532,0.00029885408,1.311146e-08,0.00043361398,21.948307,31.845278,0.0013971303,46.205017,29.515938,35.84452,0.0011534775,34.638393,"[0.90, 1.00)"
B0018,unseen_cell,24.0,40,0.8891087174415588,0.8832682371139526,-0.005840480327606201,0.005840480327606201,0.871135950088501,0.01213228702545166,0.012132458,1.7136335e-07,0.052748077,-0.12064938,-2.011992e-06,0.080035776,0.11720798,0.19877034,1.0302809e-05,0.24271818,0.00022892184,0.00038822333,2.0122673e-08,0.00047405894,20.978441,35.57686,0.0018440456,43.442852,24.995192,40.778572,0.0011492734,34.22509,"[0.80, 0.90)"
B0018,unseen_cell,24.0,41,0.8799886703491211,0.8680613040924072,-0.011927366256713867,0.011927366256713867,0.871135950088501,-0.00307464599609375,-0.0030742213,4.246831e-07,0.046050884,-0.11808188,-2.2225759e-06,0.068959,0.1127942,0.1956727,1.03119e-05,0.23847559,0.00022030117,0.00038217325,2.014043e-08,0.00046577264,20.62229,35.77506,0.0018853361,43.600758,25.917969,40.73531,0.0011535618,33.34557,"[0.80, 0.90)"
B0018,unseen_cell,24.0,42,0.8713811635971069,0.8546804189682007,-0.01670074462890625,0.01670074462890625,0.871135950088501,-0.016455531120300293,-0.01645521,3.2037497e-07,0.047232762,-0.11794865,-2.58191e-06,0.054263264,0.104508355,0.19117789,1.0513195e-05,0.23310438,0.00020411788,0.00037339432,2.0533584e-08,0.000455282,19.763262,36.153076,0.0019881187,44.08167,26.877123,40.75671,0.0011881677,32.36498,"[0.80, 0.90)"
B0018,unseen_cell,24.0,43,0.8684090971946716,0.8462176322937012,-0.02219146490097046,0.02219146490097046,0.871135950088501,-0.024918317794799805,-0.024917949,3.6880374e-07,0.05159884,-0.11882736,-2.9107603e-06,0.042313483,0.10328976,0.18413836,1.0616877e-05,0.23565555,0.00020173781,0.00035964523,2.0736088e-08,0.00046026474,19.745916,35.20175,0.0020296297,45.0503,28.13077,40.7817,0.0012433248,31.086287,"[0.80, 0.90)"
B0018,unseen_cell,24.0,44,0.8600862622261047,0.8418598175048828,-0.018226444721221924,0.018226444721221924,0.871135950088501,-0.029276132583618164,-0.029275745,3.874302e-07,0.050577525,-0.118241,-2.9958903e-06,0.038390726,0.09991084,0.18333478,1.0614624e-05,0.2383303,0.00019513836,0.00035807575,2.0731688e-08,0.00046548888,19.15518,35.149445,0.0020350649,45.693336,28.71665,40.699688,0.001241911,30.582413,"[0.80, 0.90)"
B0018,unseen_cell,24.0,45,0.9308373332023621,0.9030584096908569,-0.027778923511505127,0.027778923511505127,0.871135950088501,0.03192245960235596,0.031922646,1.8626451e-07,0.090731904,-0.18111518,7.151988e-07,0.12230521,0.1169081,0.18521692,6.947458e-06,0.27811438,0.00022833614,0.0003617518,1.3569254e-08,0.00054319215,20.148012,31.920395,0.0011973291,47.930397,37.141407,30.151844,0.0013907265,32.70535,"[0.90, 1.00)"
B0018,unseen_cell,24.0,46,0.925370991230011,0.9035556316375732,-0.021815359592437744,0.021815359592437744,0.871135950088501,0.032419681549072266,0.032419696,1.4901161e-08,0.08183642,-0.17013642,7.065007e-07,0.12071899,0.11696778,0.17765544,6.9871e-06,0.2697007,0.0002284527,0.0003469833,1.3646679e-08,0.0005267592,20.726807,31.48072,0.001238121,47.79123,35.696888,31.37997,0.0013234112,32.92182,"[0.90, 1.00)"
B0018,unseen_cell,24.0,47,0.9141883850097656,0.8998062610626221,-0.014382123947143555,0.014382123947143555,0.871135950088501,0.028670310974121094,0.028670445,1.3411045e-07,0.06906541,-0.15798666,6.280621e-07,0.11759107,0.11487874,0.16869038,6.829481e-06,0.25056994,0.00022437253,0.0003294734,1.33388305e-08,0.0004893944,21.506996,31.58133,0.0012785797,46.910393,33.068363,33.821507,0.0012362798,33.108894,"[0.90, 1.00)"
B0018,unseen_cell,24.0,48,0.9044604897499084,0.8859388828277588,-0.018521606922149658,0.018521606922149658,0.871135950088501,0.014802932739257812,0.014803253,3.2037497e-07,0.05841808,-0.14810845,5.458022e-07,0.10449308,0.11221728,0.15992515,6.6459716e-06,0.23751426,0.00021917437,0.0003123538,1.2980413e-08,0.00046389503,22.017921,31.378586,0.0013039925,46.60219,31.08024,34.574284,0.0011988757,34.344284,"[0.90, 1.00)"
B0018,unseen_cell,24.0,49,0.8952316045761108,0.8770235776901245,-0.018208026885986328,0.018208026885986328,0.871135950088501,0.005887627601623535,0.005888082,4.5448542e-07,0.058720887,-0.13849117,-7.1604745e-08,0.08565844,0.102501795,0.15556996,7.37226e-06,0.2183986,0.00020019882,0.00030384757,1.4398945e-08,0.00042655977,21.512402,32.649998,0.0015472414,45.83606,28.706614,36.70575,0.0011692378,34.58647,"[0.80, 0.90)"
B0018,unseen_cell,24.0,50,0.8983325362205505,0.884007453918457,-0.014325082302093506,0.014325082302093506,0.871135950088501,0.012871503829956055,0.012871757,2.5331974e-07,0.05484078,-0.14108789,5.1304494e-07,0.09911835,0.112162,0.15603565,6.7657793e-06,0.2289711,0.00021906641,0.00030475712,1.3214413e-08,0.00044720917,22.55984,31.38442,0.0013608432,46.05438,29.9471,35.18084,0.0011915887,34.870876,"[0.80, 0.90)"
B0018,unseen_cell,24.0,51,0.8877787590026855,0.8732056617736816,-0.014573097229003906,0.014573097229003906,0.871135950088501,0.002069711685180664,0.002070196,4.8428774e-07,0.057759784,-0.13891117,8.885115e-08,0.083221495,0.10226892,0.15422055,7.1720788e-06,0.21733251,0.00019974398,0.000301212,1.4007966e-08,0.00042447756,21.5835,32.547714,0.0015136424,45.86727,29.460812,35.658985,0.0011697634,34.879044,"[0.80, 0.90)"
B0018,unseen_cell,24.0,52,0.8764204978942871,0.8887825012207031,0.012362003326416016,0.012362003326416016,0.871135950088501,0.01764655113220215,0.01764685,2.9802322e-07,0.054326374,-0.12410369,-2.0305936e-06,0.08742619,0.11758658,0.20124438,1.0550424e-05,0.25131574,0.0002296613,0.00039305544,2.0606297e-08,0.00049085106,20.623533,35.29629,0.001850441,44.078316,24.882778,40.667515,0.001157504,34.44854,"[0.80, 0.90)"
B0018,unseen_cell,24.0,53,0.8690856099128723,0.8723195791244507,0.003233969211578369,0.003233969211578369,0.871135950088501,0.001183629035949707,0.0011840016,3.7252903e-07,0.044355147,-0.11431597,-1.0416031e-06,0.07114587,0.11028764,0.21062148,9.724141e-06,0.26436025,0.00021540554,0.00041137007,1.8992463e-08,0.0005163286,18.843597,35.9865,0.0016614536,45.168236,23.54693,40.799038,0.001083086,35.652943,"[0.80, 0.90)"
B0018,unseen_cell,24.0,54,0.8656241297721863,0.8667740821838379,0.0011499524116516113,0.0011499524116516113,0.871135950088501,-0.004361867904663086,-0.0043614954,3.7252903e-07,0.044765618,-0.119812794,-2.2905333e-06,0.07068797,0.10931097,0.19338305,1.0492062e-05,0.24283414,0.00021349799,0.00037770128,2.0492308e-08,0.00047428542,20.037254,35.448093,0.001923248,44.51273,25.76344,40.77667,0.0011666479,33.45872,"[0.80, 0.90)"
B0018,unseen_cell,24.0,55,0.9022324681282043,0.8681201934814453,-0.03411227464675903,0.03411227464675903,0.871135950088501,-0.003015756607055664,-0.0030154586,2.9802322e-07,0.049652137,-0.14191449,4.0496406e-07,0.08924649,0.103195,0.15411028,6.5865793e-06,0.22591388,0.00020155273,0.00030099665,1.2864413e-08,0.00044123805,21.355442,31.891987,0.001363044,46.75121,30.434978,35.272762,0.0011747929,34.291084,"[0.90, 1.00)"
B0018,unseen_cell,24.0,56,0.8843293190002441,0.8666806221008301,-0.017648696899414062,0.017648696899414062,0.871135950088501,-0.0044553279876708984,-0.0044551343,1.937151e-07,0.05057635,-0.13468866,1.4460807e-07,0.07965703,0.10044123,0.151102,7.020298e-06,0.21230626,0.00019617428,0.0002951211,1.371152e-08,0.00041466067,21.653513,32.57516,0.0015134633,45.769814,29.12722,36.406242,0.001159508,34.465374,"[0.80, 0.90)"
B0018,unseen_cell,24.0,57,0.8696826696395874,0.8496978282928467,-0.019984841346740723,0.019984841346740723,0.871135950088501,-0.021438121795654297,-0.021437775,3.46452e-07,0.052352086,-0.12466249,-9.952806e-07,0.050873626,0.108669415,0.17206472,8.969535e-06,0.23284335,0.00021224495,0.0003360639,1.7518623e-08,0.00045477218,21.158934,33.502583,0.0017464508,45.33674,26.978588,38.689903,0.0011059536,34.330406,"[0.80, 0.90)"
B0018,unseen_cell,24.0,58,0.8582709431648254,0.8649652004241943,0.0066942572593688965,0.0066942572593688965,0.871135950088501,-0.006170749664306641,-0.0061702803,4.6938658e-07,0.04215673,-0.11841046,-2.2053518e-06,0.07008565,0.10806845,0.1906461,1.0423992e-05,0.240459,0.0002110712,0.00037235566,2.0359359e-08,0.00046964647,20.042965,35.358265,0.0019332904,44.596836,25.516283,40.913765,0.0011498309,33.568798,"[0.80, 0.90)"
B0018,unseen_cell,24.0,59,0.8553085327148438,0.8528379201889038,-0.0024706125259399414,0.0024706125259399414,0.871135950088501,-0.018298029899597168,-0.018297605,4.246831e-07,0.04335949,-0.11841705,-2.5751383e-06,0.05676253,0.099968165,0.18680918,1.0664532e-05,0.2436385,0.00019525032,0.00036486168,2.0829164e-08,0.00047585645,18.846752,35.218674,0.0020105578,45.932564,26.702187,40.832317,0.0011999559,32.464294,"[0.80, 0.90)"
B0018,unseen_cell,24.0,60,0.851791262626648,0.8478952646255493,-0.003895998001098633,0.003895998001098633,0.871135950088501,-0.02324068546295166,-0.023240417,2.682209e-07,0.042131037,-0.11691511,-2.6358025e-06,0.05154629,0.098229565,0.18487763,1.066392e-05,0.24136434,0.00019185462,0.00036108913,2.0827969e-08,0.00047141474,18.728867,35.249554,0.002033228,46.01955,27.344873,40.62094,0.0012062467,32.032974,"[0.80, 0.90)"
B0018,unseen_cell,24.0,61,0.8432180285453796,0.8410534858703613,-0.0021645426750183105,0.0021645426750183105,0.871135950088501,-0.03008246421813965,-0.030081972,4.917383e-07,0.03974427,-0.11547227,-2.7631002e-06,0.04564879,0.09601327,0.18368907,1.0689513e-05,0.23456167,0.00018752592,0.00035876772,2.0877955e-08,0.00045812826,18.669647,35.718082,0.0020785609,45.61019,27.962727,40.48054,0.0012037449,31.555525,"[0.80, 0.90)"
B0018,unseen_cell,24.0,62,0.8386061787605286,0.8365005254745483,-0.0021056532859802246,0.0021056532859802246,0.871135950088501,-0.03463542461395264,-0.03463516,2.644956e-07,0.045875717,-0.11616199,-3.084354e-06,0.0356542,0.09544649,0.17936255,1.0935747e-05,0.23714785,0.00018641893,0.00035031748,2.135888e-08,0.0004631794,18.643063,35.03395,0.0021360223,46.32085,28.877481,40.635284,0.001253707,30.48598,"[0.80, 0.90)"
B0018,unseen_cell,24.0,63,0.8302969336509705,0.83130943775177,0.0010125041007995605,0.0010125041007995605,0.871135950088501,-0.03982651233673096,-0.03982616,3.5390258e-07,0.04421049,-0.115477085,-3.2134155e-06,0.031443644,0.09115507,0.1770791,1.0908188e-05,0.24238448,0.00017803724,0.0003458576,2.1305055e-08,0.00047340718,17.851507,34.678585,0.0021362235,47.467773,29.586134,40.517773,0.0012559006,29.894835,"[0.80, 0.90)"
B0018,unseen_cell,24.0,64,0.8259609341621399,0.8255670070648193,-0.00039392709732055664,0.00039392709732055664,0.871135950088501,-0.04556894302368164,-0.04556866,2.8312206e-07,0.04216164,-0.114977255,-3.319258e-06,0.027250275,0.08753202,0.1743444,1.0870095e-05,0.2476745,0.00017096098,0.00034051642,2.1230655e-08,0.00048373925,17.177902,34.214577,0.0021332242,48.605392,30.362957,40.483536,0.0012690932,29.152233,"[0.80, 0.90)"
B0018,unseen_cell,24.0,65,0.8256708979606628,0.8198412656784058,-0.00582963228225708,0.00582963228225708,0.871135950088501,-0.051294684410095215,-0.05129422,4.656613e-07,0.0353359,-0.11137857,-3.1522763e-06,0.024751607,0.08377896,0.17308176,1.0789062e-05,0.23532984,0.00016363079,0.0003380503,2.1072387e-08,0.0004596286,17.021278,35.164825,0.0021920018,47.8117,30.913898,40.204872,0.0012532665,28.879972,"[0.80, 0.90)"
B0018,unseen_cell,24.0,66,0.8206230998039246,0.8196179866790771,-0.0010051131248474121,0.0010051131248474121,0.871135950088501,-0.05151796340942383,-0.051517546,4.172325e-07,0.040662095,-0.112495944,-3.4019429e-06,0.020319708,0.087829396,0.16892284,1.0882555e-05,0.2455857,0.00017154179,0.00032992742,2.125499e-08,0.00047965956,17.483746,33.626602,0.0021663343,48.88748,31.991219,40.069084,0.0012968219,27.938402,"[0.80, 0.90)"
B0018,unseen_cell,24.0,67,0.8121417760848999,0.8187006711959839,0.006558895111083984,0.006558895111083984,0.871135950088501,-0.05243527889251709,-0.052434776,5.029142e-07,0.038298752,-0.113576114,-3.447711e-06,0.022846032,0.082487784,0.16369916,1.0584205e-05,0.25931498,0.00016110895,0.00031972493,2.0672275e-08,0.0005064746,16.317656,32.382812,0.0020937575,51.297443,33.453453,39.95645,0.00129121,26.588812,"[0.80, 0.90)"
B0018,unseen_cell,24.0,68,0.8093898892402649,0.8161051273345947,0.006715238094329834,0.006715238094329834,0.871135950088501,-0.05503082275390625,-0.05503033,4.917383e-07,0.034680296,-0.110807024,-3.4304667e-06,0.02109982,0.07937674,0.16430357,1.0666803e-05,0.25171897,0.0001550327,0.0003209054,2.08336e-08,0.0004916386,16.022434,33.165173,0.0021531265,50.810234,33.53051,39.85127,0.0012861557,26.61694,"[0.80, 0.90)"
B0018,unseen_cell,24.0,69,0.8066575527191162,0.8135533332824707,0.006895780563354492,0.006895780563354492,0.871135950088501,-0.05758261680603027,-0.0575824,2.1606684e-07,0.032187413,-0.109580204,-3.4523196e-06,0.019813834,0.07559202,0.16193922,1.0678637e-05,0.25384805,0.00014764066,0.00031628754,2.0856714e-08,0.00049579696,15.383305,32.955338,0.0021731493,51.65918,34.081093,39.82138,0.0012893593,26.096231,"[0.80, 0.90)"
B0018,unseen_cell,24.0,70,0.8266428112983704,0.8201278448104858,-0.0065149664878845215,0.0065149664878845215,0.871135950088501,-0.05100810527801514,-0.051007785,3.2037497e-07,0.030796573,-0.11074612,-3.015377e-06,0.028944783,0.082239,0.17344804,1.0725944e-05,0.23380442,0.00016062305,0.0003387657,2.094911e-08,0.00045664926,16.800537,35.43356,0.0021911943,47.76371,30.573719,40.001556,0.0012268026,29.423496,"[0.80, 0.90)"
B0018,unseen_cell,24.0,71,0.8214779496192932,0.816709041595459,-0.0047689080238342285,0.0047689080238342285,0.871135950088501,-0.05442690849304199,-0.0544264,5.066395e-07,0.036259487,-0.111229405,-3.2692183e-06,0.020546786,0.082272045,0.17099984,1.0862204e-05,0.23828626,0.00016068759,0.00033398406,2.1215243e-08,0.00046540285,16.736622,34.78654,0.0022097009,48.474632,31.805143,40.06195,0.0012662604,28.131643,"[0.80, 0.90)"
B0018,unseen_cell,24.0,72,0.8092660307884216,0.8177468776702881,0.008480846881866455,0.008480846881866455,0.871135950088501,-0.05338907241821289,-0.053388596,4.7683716e-07,0.035094544,-0.11110897,-3.4274408e-06,0.02262926,0.07736034,0.16527651,1.077587e-05,0.25523138,0.00015109441,0.0003228057,2.104662e-08,0.0004984988,15.537979,33.196117,0.002164355,51.263733,33.20373,40.032097,0.0012705309,26.7629,"[0.80, 0.90)"
B0018,unseen_cell,24.0,73,0.8045358657836914,0.8137880563735962,0.009252190589904785,0.009252190589904785,0.871135950088501,-0.057347893714904785,-0.057347536,3.5762787e-07,0.03404432,-0.11003985,-3.4489142e-06,0.018651448,0.07813718,0.16185954,1.0671682e-05,0.25313285,0.00015261168,0.00031613192,2.0843128e-08,0.0004944001,15.844819,32.822212,0.0021640258,51.330803,34.25966,39.710808,0.0012914266,26.028248,"[0.80, 0.90)"
B0018,unseen_cell,24.0,74,0.7996335625648499,0.8099662065505981,0.010332643985748291,0.010332643985748291,0.871135950088501,-0.06116974353790283,-0.06116935,3.9488077e-07,0.0320016,-0.10866147,-3.4722784e-06,0.015493995,0.076068126,0.1581521,1.0681745e-05,0.2541584,0.00014857056,0.00030889083,2.0862784e-08,0.00049640314,15.575305,32.382385,0.0021871375,52.040123,35.11543,39.55425,0.0013028645,25.329023,"[0.70, 0.80)"
B0018,unseen_cell,24.0,75,0.7982394099235535,0.8059656620025635,0.00772625207901001,0.00772625207901001,0.871135950088501,-0.0651702880859375,-0.06516993,3.5762787e-07,0.028612025,-0.1064031,-3.4496522e-06,0.012624588,0.072364,0.15961927,1.08429285e-05,0.2487901,0.00014133594,0.0003117564,2.1177595e-08,0.00048591816,15.051243,33.19977,0.0022552586,51.746727,34.95611,39.385612,0.0012938646,25.65698,"[0.70, 0.80)"
B0018,unseen_cell,24.0,76,0.7943418622016907,0.8058815002441406,0.011539638042449951,0.011539638042449951,0.871135950088501,-0.06525444984436035,-0.06525425,2.0116568e-07,0.030941771,-0.107578866,-3.5050691e-06,0.011386353,0.074866995,0.1554367,1.071292e-05,0.25368154,0.0001462246,0.0003035873,2.0923672e-08,0.00049547176,15.468517,32.115288,0.0022134318,52.413982,36.11648,39.282356,0.0013138338,24.59986,"[0.70, 0.80)"
B0018,unseen_cell,24.0,77,0.7913831472396851,0.8050898313522339,0.013706684112548828,0.013706684112548828,0.871135950088501,-0.06604611873626709,-0.06604589,2.30968e-07,0.025406042,-0.10585348,-3.4247196e-06,0.0144049805,0.068742126,0.1577544,1.0631951e-05,0.2493352,0.00013426197,0.00030811407,2.076553e-08,0.0004869828,14.446407,33.15266,0.0022343432,52.3987,35.89585,39.15923,0.001285644,24.943638,"[0.70, 0.80)"
B0018,unseen_cell,24.0,78,0.7860317230224609,0.8008781671524048,0.014846444129943848,0.014846444129943848,0.871135950088501,-0.07025778293609619,-0.070257366,4.172325e-07,0.024693858,-0.107028134,-3.435886e-06,0.01208035,0.06685509,0.1539738,1.0414865e-05,0.25444457,0.00013057634,0.00030073008,2.0341533e-08,0.00049696205,14.066349,32.396175,0.0021912935,53.535282,37.148148,38.958847,0.001283332,23.891726,"[0.70, 0.80)"
B0018,unseen_cell,24.0,79,0.7805188894271851,0.7945501804351807,0.014031291007995605,0.014031291007995605,0.871135950088501,-0.07658576965332031,-0.0765854,3.7252903e-07,0.022069741,-0.10715402,-3.5099104e-06,0.008502384,0.06313819,0.15229504,1.04134215e-05,0.2564281,0.00012331677,0.00029745125,2.0338714e-08,0.0005008361,13.380371,32.27467,0.002206833,54.342754,37.819828,39.008034,0.0012908169,23.170845,"[0.70, 0.80)"
B0018,unseen_cell,24.0,80,0.783168375492096,0.7963531017303467,0.013184726238250732,0.013184726238250732,0.871135950088501,-0.0747828483581543,-0.07478256,2.9057264e-07,0.019288404,-0.102214724,-3.4586726e-06,0.008147216,0.06294638,0.15087828,1.05703675e-05,0.24622335,0.00012294215,0.00029468414,2.0645249e-08,0.00048090497,13.682254,32.79545,0.0022976133,53.52,38.32552,38.40753,0.001301354,23.265652,"[0.70, 0.80)"
B0018,unseen_cell,24.0,81,0.7776453495025635,0.7919713258743286,0.014325976371765137,0.014325976371765137,0.871135950088501,-0.07916462421417236,-0.079164416,2.0861626e-07,0.021583688,-0.10548232,-3.5108108e-06,0.0047377255,0.0635548,0.14966223,1.0452297e-05,0.25320855,0.00012413047,0.00029230904,2.0414642e-08,0.00049454794,13.62562,32.086334,0.0022408855,54.285805,38.95399,38.54184,0.001303461,22.502869,"[0.70, 0.80)"
B0018,unseen_cell,24.0,82,0.7758855819702148,0.7922978401184082,0.01641225814819336,0.01641225814819336,0.871135950088501,-0.07883810997009277,-0.07883783,2.8312206e-07,0.022000443,-0.10559903,-3.4739169e-06,0.00476423,0.064431995,0.1493257,1.039687e-05,0.2532782,0.00012584374,0.00029165176,2.0306386e-08,0.000494684,13.795633,31.972355,0.0022260898,54.229782,38.991,38.53229,0.0013000077,22.475414,"[0.70, 0.80)"
B0018,unseen_cell,24.0,83,0.7701585292816162,0.7911057472229004,0.02094721794128418,0.02094721794128418,0.871135950088501,-0.08003020286560059,-0.08002989,3.1292439e-07,0.020420782,-0.10508407,-3.443021e-06,0.0046368353,0.062148567,0.14982301,1.0344583e-05,0.25205207,0.00012138392,0.00029262307,2.0204263e-08,0.0004922892,13.393107,32.287075,0.0022292726,54.31759,39.046577,38.57176,0.0012865114,22.380377,"[0.70, 0.80)"
B0018,unseen_cell,24.0,84,0.7681397199630737,0.7856259346008301,0.017486214637756348,0.017486214637756348,0.871135950088501,-0.0855100154876709,-0.08550975,2.682209e-07,0.019768192,-0.102691464,-3.3406818e-06,-0.0025831368,0.061830427,0.14584646,1.0128748e-05,0.2504069,0.000120762554,0.00028485636,1.978271e-08,0.00048907596,13.497326,31.837675,0.0022110636,54.66279,39.966755,38.48844,0.0012833062,21.543528,"[0.70, 0.80)"
B0018,unseen_cell,24.0,85,0.7923492789268494,0.7993674278259277,0.007018148899078369,0.007018148899078369,0.871135950088501,-0.07176852226257324,-0.071768224,2.9802322e-07,0.021284446,-0.10456504,-3.4353977e-06,0.011515803,0.060755968,0.15924248,1.0840326e-05,0.24552299,0.000118664,0.00031102047,2.117251e-08,0.0004795371,13.05086,34.20654,0.0023285872,52.74027,35.771088,38.925095,0.0012621015,25.302559,"[0.70, 0.80)"
B0018,unseen_cell,24.0,86,0.783061146736145,0.7972755432128906,0.014214396476745605,0.014214396476745605,0.871135950088501,-0.07386040687561035,-0.07385993,4.7683716e-07,0.018439446,-0.10233199,-3.4366296e-06,0.01003604,0.058122814,0.1561104,1.0898221e-05,0.24685201,0.00011352112,0.00030490314,2.1285588e-08,0.00048213283,12.605357,33.856373,0.0023635465,53.535915,36.793686,38.737858,0.0012731414,24.467186,"[0.70, 0.80)"
B0018,unseen_cell,24.0,87,0.777806282043457,0.7936859130859375,0.01587963104248047,0.01587963104248047,0.871135950088501,-0.07745003700256348,-0.077449694,3.427267e-07,0.018614061,-0.10239038,-3.4835666e-06,0.006330111,0.058880515,0.15020159,1.0734538e-05,0.2508256,0.00011500101,0.00029336248,2.0965894e-08,0.0004898938,12.8023815,32.65831,0.002334009,54.536976,38.51251,38.481922,0.0012985273,23.004276,"[0.70, 0.80)"
B0018,unseen_cell,24.0,88,0.7700121998786926,0.7884484529495239,0.0184362530708313,0.0184362530708313,0.871135950088501,-0.08268749713897705,-0.082687356,1.4156103e-07,0.01292125,-0.102361575,-3.4575876e-06,0.006756426,0.051773425,0.14910895,1.044234e-05,0.25088617,0.00010111997,0.0002912284,2.0395195e-08,0.00049001205,11.459901,33.00484,0.0023113822,55.532944,39.47416,38.117565,0.0012771647,22.406998,"[0.70, 0.80)"
B0018,unseen_cell,24.0,89,0.7630465626716614,0.7793339490890503,0.016287386417388916,0.016287386417388916,0.871135950088501,-0.09180200099945068,-0.09180177,2.30968e-07,0.014778566,-0.09984957,-3.3310007e-06,-0.006727441,0.057507537,0.1453364,1.0139658e-05,0.24942023,0.00011231941,0.00028386016,1.980402e-08,0.00048714888,12.715191,32.13457,0.0022419267,55.148,40.695805,38.331547,0.0012785372,20.971367,"[0.70, 0.80)"
B0018,unseen_cell,24.0,90,0.7841364741325378,0.7886183261871338,0.004481852054595947,0.004481852054595947,0.871135950088501,-0.08251762390136719,-0.08251727,3.501773e-07,0.013567511,-0.09935441,-3.3843955e-06,0.0032730028,0.055690262,0.15445654,1.0913558e-05,0.23891395,0.000108770044,0.00030167293,2.1315543e-08,0.00046662882,12.401197,34.39463,0.0024302488,53.201748,37.707397,38.14002,0.0012779132,24.151299,"[0.70, 0.80)"
B0018,unseen_cell,24.0,91,0.7699808478355408,0.7905396223068237,0.02055877447128296,0.02055877447128296,0.871135950088501,-0.08059632778167725,-0.08059607,2.6077032e-07,0.016156707,-0.10387459,-3.4745601e-06,0.0071252785,0.05479815,0.15126978,1.0555481e-05,0.2534904,0.000107027634,0.0002954488,2.0616174e-08,0.0004950984,11.923817,32.915585,0.0022968224,55.158306,38.813503,38.41508,0.0012758003,22.770136,"[0.70, 0.80)"
B0018,unseen_cell,24.0,92,0.7653365135192871,0.7880369424819946,0.02270042896270752,0.02270042896270752,0.871135950088501,-0.08309900760650635,-0.08309871,2.9802322e-07,0.014028012,-0.10244803,-3.4301588e-06,0.005324735,0.052827302,0.15112422,1.05432255e-05,0.25167373,0.000103178325,0.0002951645,2.0592237e-08,0.00049155025,11.594195,33.167767,0.002313959,55.235725,39.3442,38.270836,0.0012765994,22.383686,"[0.70, 0.80)"
B0018,unseen_cell,24.0,93,0.7631036043167114,0.78657066822052,0.023467063903808594,0.023467063903808594,0.871135950088501,-0.08456528186798096,-0.08456486,4.246831e-07,0.0120974975,-0.100976944,-3.4015145e-06,0.0043179886,0.05154747,0.15014078,1.0501222e-05,0.2501542,0.000100678655,0.0002932437,2.05102e-08,0.0004885824,11.408019,33.227795,0.0023240354,55.361862,39.910793,38.04239,0.0012743714,22.045544,"[0.70, 0.80)"
B0018,unseen_cell,24.0,94,0.7577771544456482,0.779900312423706,0.02212315797805786,0.02212315797805786,0.871135950088501,-0.09123563766479492,-0.091235444,1.937151e-07,0.008543229,-0.10066018,-3.401383e-06,0.0008849092,0.047744192,0.14872156,1.0382106e-05,0.24888057,9.3250375e-05,0.0002904718,2.027755e-08,0.00048609485,10.720438,33.393806,0.0023311886,55.88342,40.40232,38.15443,0.0012722659,21.44198,"[0.70, 0.80)"
B0018,unseen_cell,24.0,95,0.7592682838439941,0.7848562002182007,0.025587916374206543,0.025587916374206543,0.871135950088501,-0.08627974987030029,-0.08627956,1.8626451e-07,0.0067364,-0.09653234,-3.3902852e-06,0.0035197688,0.045852803,0.14861372,1.0720216e-05,0.24795264,8.9556255e-05,0.00029026117,2.0937922e-08,0.0004842825,10.363857,33.590343,0.0024230315,56.043373,40.5395,37.726826,0.0012817441,21.732397,"[0.70, 0.80)"
B0018,unseen_cell,24.0,96,0.7530196309089661,0.7787585258483887,0.025738894939422607,0.025738894939422607,0.871135950088501,-0.0923774242401123,-0.09237724,1.8626451e-07,0.006278709,-0.09773664,-3.3415208e-06,-0.0009159688,0.0494103,0.148869,1.04576575e-05,0.24559435,9.650449e-05,0.00029075975,2.0425112e-08,0.00047967647,11.131351,33.537807,0.0023559432,55.328487,41.20217,37.72443,0.0012701311,21.072134,"[0.70, 0.80)"
B0018,unseen_cell,24.0,97,0.751247227191925,0.7766830921173096,0.02543586492538452,0.02543586492538452,0.871135950088501,-0.0944528579711914,-0.09445276,9.685755e-08,0.007119104,-0.0945492,-3.2098808e-06,-0.0070194528,0.055364195,0.1472169,1.0331204e-05,0.24662174,0.000108133194,0.000287533,2.0178133e-08,0.0004816831,12.324705,32.77217,0.0022998445,54.90083,41.7456,37.783794,0.0012634952,20.46934,"[0.70, 0.80)"
B0018,unseen_cell,24.0,98,0.7489817142486572,0.776197075843811,0.02721536159515381,0.02721536159515381,0.871135950088501,-0.09493887424468994,-0.094938606,2.682209e-07,0.0064811427,-0.094679095,-3.214623e-06,-0.0067374418,0.05687899,0.1454756,1.017854e-05,0.24524446,0.00011109178,0.00028413202,1.987996e-08,0.00047899308,12.707289,32.50058,0.0022739791,54.78986,42.065018,37.611774,0.0012587159,20.32195,"[0.70, 0.80)"
B0018,unseen_cell,24.0,99,0.7431600093841553,0.773133397102356,0.029973387718200684,0.029973387718200684,0.871135950088501,-0.09800255298614502,-0.09800229,2.6077032e-07,0.0021277887,-0.09226346,-3.19852e-06,-0.007863427,0.054301497,0.14795911,1.0597055e-05,0.243171,0.00010605761,0.00028898264,2.0697373e-08,0.00047494337,12.19047,33.216232,0.0023789965,54.590923,42.268486,37.529793,0.0012702539,20.200453,"[0.70, 0.80)"
B0018,unseen_cell,24.0,100,0.7465755939483643,0.7737984657287598,0.027222871780395508,0.027222871780395508,0.871135950088501,-0.09733748435974121,-0.09733738,1.0430813e-07,0.004049721,-0.092950255,-3.1733473e-06,-0.008433667,0.05879704,0.14535825,1.0262302e-05,0.24374402,0.00011483797,0.00028390283,2.0043558e-08,0.00047606253,13.126988,32.452587,0.0022911546,54.41813,42.630325,37.363747,0.001259144,20.004667,"[0.70, 0.80)"
B0018,unseen_cell,24.0,101,0.7387179732322693,0.7684550285339355,0.02973705530166626,0.02973705530166626,0.871135950088501,-0.10268092155456543,-0.102680646,2.7567148e-07,4.5340043e-05,-0.092538744,-3.1477782e-06,-0.0101840915,0.05945646,0.14501624,1.0177449e-05,0.241292,0.0001161259,0.00028323484,1.9877831e-08,0.00047127344,13.337777,32.531273,0.002283092,54.12867,42.875828,37.26468,0.0012442896,19.858255,"[0.70, 0.80)"
B0018,unseen_cell,24.0,102,0.7403466701507568,0.7693493366241455,0.029002666473388672,0.029002666473388672,0.871135950088501,-0.10178661346435547,-0.10178651,1.0430813e-07,0.00076658395,-0.09208651,-3.158413e-06,-0.01046342,0.06059561,0.14447537,1.0227011e-05,0.24120268,0.0001183508,0.00028217846,1.9974632e-08,0.000471099,13.577817,32.372974,0.0022915932,54.046917,43.288284,37.0778,0.001252655,19.632664,"[0.70, 0.80)"
B0018,unseen_cell,24.0,103,0.7374368906021118,0.7683700323104858,0.030933141708374023,0.030933141708374023,0.871135950088501,-0.10276591777801514,-0.102765895,2.2351742e-08,0.00011802261,-0.090888985,-3.091784e-06,-0.011991846,0.062040288,0.1446842,1.0279751e-05,0.24042878,0.00012117244,0.00028258632,2.0077639e-08,0.00046958745,13.874184,32.35599,0.0022988797,53.767525,43.548336,36.986004,0.0012532714,19.464405,"[0.70, 0.80)"
B0018,unseen_cell,24.0,104,0.7313804626464844,0.7633048295974731,0.03192436695098877,0.03192436695098877,0.871135950088501,-0.10783112049102783,-0.10783102,9.685755e-08,-0.003434074,-0.08817431,-2.9774628e-06,-0.016219653,0.0647129,0.14800458,1.0519916e-05,0.23972067,0.00012639238,0.00028907144,2.0546711e-08,0.00046820444,14.302815,32.711906,0.002325107,52.982956,43.64227,37.0432,0.001242722,19.313297,"[0.70, 0.80)"
B0018,unseen_cell,24.0,105,0.7872924208641052,0.7904477119445801,0.0031552910804748535,0.0031552910804748535,0.871135950088501,-0.0806882381439209,-0.080687866,3.7252903e-07,0.016319936,-0.10060518,-3.2630253e-06,0.003600644,0.05644282,0.16029361,1.120912e-05,0.23688033,0.00011023988,0.00031307345,2.1892813e-08,0.0004626569,12.442535,35.33592,0.002470994,52.219074,35.763206,38.777916,0.0012520711,25.45763,"[0.70, 0.80)"
B0018,unseen_cell,24.0,106,0.7817230820655823,0.7982556819915771,0.016532599925994873,0.016532599925994873,0.871135950088501,-0.07288026809692383,-0.072879955,3.1292439e-07,0.020002166,-0.101612605,-3.3776023e-06,0.008733864,0.05827821,0.16068529,1.128095e-05,0.24897479,0.00011382463,0.00031383845,2.2033106e-08,0.00048627888,12.453951,34.338165,0.0024107192,53.20547,35.976162,38.67522,0.0012588511,25.347366,"[0.70, 0.80)"
B0018,unseen_cell,24.0,107,0.7752761244773865,0.7991056442260742,0.023829519748687744,0.023829519748687744,0.871135950088501,-0.07203030586242676,-0.072029896,4.0978193e-07,0.021586549,-0.10323305,-3.3977988e-06,0.009620004,0.060668558,0.15668891,1.1004245e-05,0.25337365,0.00011849328,0.00030603303,2.1492665e-08,0.0004948704,12.887855,33.28551,0.0023376376,53.8243,36.96726,38.645718,0.0012689378,24.385748,"[0.70, 0.80)"
B0018,unseen_cell,24.0,108,0.7700079083442688,0.794214129447937,0.024206221103668213,0.024206221103668213,0.871135950088501,-0.07692182064056396,-0.076921515,3.054738e-07,0.015768979,-0.09798559,-3.2734545e-06,0.0052983593,0.05661517,0.1577096,1.1257903e-05,0.2527181,0.000110576504,0.00030802656,2.1988091e-08,0.00049359,12.1217575,33.766876,0.0024104065,54.108955,38.221165,38.177536,0.0012712074,23.600027,"[0.70, 0.80)"
B0018,unseen_cell,24.0,109,0.7626867890357971,0.7876255512237549,0.024938762187957764,0.024938762187957764,0.871135950088501,-0.0835103988647461,-0.08351017,2.30968e-07,0.013648761,-0.098032154,-3.3411538e-06,0.0008765608,0.05280521,0.1566548,1.1263821e-05,0.25292298,0.00010313518,0.00030596642,2.199965e-08,0.0004939902,11.419953,33.879055,0.0024359778,54.698555,38.921577,38.372078,0.0012841576,22.705069,"[0.70, 0.80)"
B0018,unseen_cell,24.0,110,0.7622025609016418,0.785258412361145,0.023055851459503174,0.023055851459503174,0.871135950088501,-0.08587753772735596,-0.08587725,2.9057264e-07,0.008659719,-0.09476182,-3.216262e-06,0.00022807159,0.04903839,0.15700948,1.1290637e-05,0.25104105,9.577811e-05,0.00030665915,2.2052026e-08,0.00049031456,10.728149,34.349026,0.0024700575,54.920353,39.847576,37.85661,0.0012735717,22.29454,"[0.70, 0.80)"
B0018,unseen_cell,24.0,111,0.7541400194168091,0.7813321352005005,0.027192115783691406,0.027192115783691406,0.871135950088501,-0.08980381488800049,-0.08980356,2.5331974e-07,0.011723019,-0.098587066,-3.3213257e-06,-0.002936191,0.05019939,0.14969663,1.0487155e-05,0.24975416,9.804568e-05,0.00029237624,2.0482725e-08,0.0004878011,11.163838,33.291023,0.0023322375,55.54281,39.84837,38.51503,0.0012708715,21.635326,"[0.70, 0.80)"
B0018,unseen_cell,24.0,112,0.7521988749504089,0.7844181060791016,0.03221923112869263,0.03221923112869263,0.871135950088501,-0.08671784400939941,-0.08671752,3.2037497e-07,0.008444483,-0.09634662,-3.2569205e-06,0.0011878684,0.047198042,0.1563392,1.1064759e-05,0.25149667,9.2183676e-05,0.00030535,2.1610857e-08,0.00049120444,10.37217,34.356865,0.0024315747,55.26853,39.84584,37.883522,0.0012611848,22.269379,"[0.70, 0.80)"
B0018,unseen_cell,24.0,113,0.7493491768836975,0.7844982147216797,0.03514903783798218,0.03514903783798218,0.871135950088501,-0.08663773536682129,-0.08663738,3.5762787e-07,0.009221447,-0.0963342,-3.218482e-06,0.0004785871,0.04853465,0.15668891,1.106148e-05,0.25052068,9.479424e-05,0.00030603303,2.1604453e-08,0.0004892982,10.649279,34.380054,0.0024270655,54.968243,39.773266,37.98643,0.0012585123,22.23904,"[0.70, 0.80)"
B0018,unseen_cell,24.0,114,0.7471826076507568,0.7789150476455688,0.03173243999481201,0.03173243999481201,0.871135950088501,-0.09222090244293213,-0.09222065,2.5331974e-07,0.007841564,-0.09342141,-3.1476234e-06,-0.0066376664,0.049528785,0.15191528,1.0742644e-05,0.24757858,9.673591e-05,0.00029670954,2.0981727e-08,0.0004835519,11.03009,33.831623,0.0023923933,55.135895,40.560867,38.24509,0.0012621701,21.192776,"[0.70, 0.80)"
B0018,unseen_cell,24.0,115,0.7483621835708618,0.7809303998947144,0.03256821632385254,0.03256821632385254,0.871135950088501,-0.09020555019378662,-0.090205364,1.8626451e-07,-0.0013505742,-0.08948821,-3.1928116e-06,0.00063661207,0.04295873,0.1533582,1.1174547e-05,0.24505791,8.390377e-05,0.00029952775,2.1825286e-08,0.00047862873,9.732689,34.74469,0.0025316947,55.52009,41.897488,36.620644,0.0012685659,21.480598,"[0.70, 0.80)"
B0018,unseen_cell,24.0,116,0.7418756484985352,0.7740815877914429,0.032205939292907715,0.032205939292907715,0.871135950088501,-0.0970543622970581,-0.09705412,2.4586916e-07,0.00037354534,-0.08904707,-3.110084e-06,-0.008377483,0.050964005,0.15288413,1.1125682e-05,0.24428731,9.953907e-05,0.0002986018,2.1729848e-08,0.00047712366,11.372173,34.11476,0.0024825989,54.510582,42.16821,37.372684,0.0012758757,20.457823,"[0.70, 0.80)"
B0018,unseen_cell,24.0,117,0.7356946468353271,0.7705022096633911,0.034807562828063965,0.034807562828063965,0.871135950088501,-0.10063374042510986,-0.100633375,3.6507845e-07,-0.004498561,-0.08808632,-3.0630952e-06,-0.008045429,0.052190285,0.15171896,1.0963075e-05,0.24270883,0.00010193415,0.0002963261,2.1412255e-08,0.0004740407,11.685376,33.96979,0.0024546264,54.342377,42.725037,37.089684,0.0012602228,20.184023,"[0.70, 0.80)"
B0018,unseen_cell,24.0,118,0.7326049208641052,0.7684770822525024,0.03587216138839722,0.03587216138839722,0.871135950088501,-0.10265886783599854,-0.10265851,3.5762787e-07,-0.0070414348,-0.08601091,-3.014477e-06,-0.009603147,0.054912046,0.15186162,1.1033959e-05,0.24050757,0.00010725009,0.00029660473,2.15507e-08,0.00046974135,12.2765465,33.951317,0.0024668344,53.769672,43.338974,36.809105,0.0012606948,19.850666,"[0.70, 0.80)"
B0018,unseen_cell,24.0,119,0.7257291674613953,0.7630126476287842,0.037283480167388916,0.037283480167388916,0.871135950088501,-0.1081233024597168,-0.10812334,3.7252903e-08,-0.011292248,-0.077664286,-2.7132098e-06,-0.019164091,0.063698635,0.1584045,1.1511962e-05,0.24094579,0.0001244114,0.0003093838,2.24843e-08,0.00047059724,13.756008,34.208168,0.0024860604,52.033337,43.76274,36.92603,0.0012516105,19.309977,"[0.70, 0.80)"
B0018,unseen_cell,24.0,120,0.7691856026649475,0.7853527069091797,0.016167104244232178,0.016167104244232178,0.871135950088501,-0.08578324317932129,-0.08578294,3.054738e-07,0.007655389,-0.09361561,-3.2487376e-06,0.00018053036,0.047926556,0.1591593,1.145701e-05,0.24320418,9.3606555e-05,0.000310858,2.2376973e-08,0.00047500816,10.643215,35.345055,0.0025442976,54.009186,38.934513,37.373642,0.0012647787,23.690578,"[0.70, 0.80)"
B0018,unseen_cell,24.0,121,0.7581912279129028,0.7841435670852661,0.02595233917236328,0.02595233917236328,0.871135950088501,-0.08699238300323486,-0.08699215,2.30968e-07,0.011820384,-0.09891959,-3.2973203e-06,0.00011035986,0.048521318,0.15640818,1.0992576e-05,0.2533187,9.47682e-05,0.00030548472,2.1469875e-08,0.0004947631,10.5881815,34.13094,0.0023987682,55.278473,39.086548,38.346596,0.001254873,22.565592,"[0.70, 0.80)"
B0018,unseen_cell,24.0,122,0.75120609998703,0.7855485677719116,0.03434246778488159,0.03434246778488159,0.871135950088501,-0.08558738231658936,-0.085587196,1.8626451e-07,0.0052447137,-0.09102584,-3.085216e-06,0.00019700639,0.043521497,0.16109885,1.1694288e-05,0.25136197,8.5002925e-05,0.0003146462,2.2840407e-08,0.00049094134,9.544313,35.32916,0.0025645706,55.123962,39.87279,37.43503,0.001260363,22.690918,"[0.70, 0.80)"
B0018,unseen_cell,24.0,123,0.7483806014060974,0.7795010805130005,0.031120479106903076,0.031120479106903076,0.871135950088501,-0.09163486957550049,-0.091634564,3.054738e-07,0.006165221,-0.0910928,-3.0457836e-06,-0.0067039346,0.045676768,0.1574286,1.1354224e-05,0.24780247,8.921244e-05,0.00030747775,2.2176218e-08,0.0004839892,10.129702,34.91282,0.0025180173,54.954956,40.436043,37.971664,0.0012646728,21.591024,"[0.70, 0.80)"
B0018,unseen_cell,24.0,124,0.7386439442634583,0.7745944261550903,0.03595048189163208,0.03595048189163208,0.871135950088501,-0.09654152393341064,-0.096541405,1.1920929e-07,0.001436682,-0.087919295,-2.9692246e-06,-0.010055818,0.046828266,0.15729147,1.1386955e-05,0.24577123,9.146146e-05,0.0003072099,2.2240146e-08,0.00048002193,10.40854,34.961246,0.0025309834,54.62768,41.025074,37.86154,0.0012598397,21.112133,"[0.70, 0.80)"
B0018,unseen_cell,24.0,125,0.7437691688537598,0.7753140926361084,0.03154492378234863,0.03154492378234863,0.871135950088501,-0.09582185745239258,-0.09582156,2.9802322e-07,0.00211052,-0.08969238,-3.0604474e-06,-0.008236638,0.049087875,0.15373024,1.1132174e-05,0.24559115,9.5874755e-05,0.00030025438,2.1742528e-08,0.0004796702,10.946842,34.282616,0.0024825307,54.768055,41.467556,37.681786,0.0012672258,20.849388,"[0.70, 0.80)"
B0018,unseen_cell,24.0,126,0.7378195524215698,0.776339054107666,0.03851950168609619,0.03851950168609619,0.871135950088501,-0.09479689598083496,-0.094796576,3.2037497e-07,-0.00207557,-0.08862634,-3.0258998e-06,-0.004091641,0.042326286,0.15965474,1.1553095e-05,0.24946088,8.266853e-05,0.00031182566,2.2564638e-08,0.00048722827,9.37556,35.36461,0.0025590889,55.25727,41.486393,37.13304,0.0012563922,21.379303,"[0.70, 0.80)"
B0018,unseen_cell,24.0,127,0.7346274256706238,0.7763833999633789,0.04175597429275513,0.04175597429275513,0.871135950088501,-0.09475255012512207,-0.09475239,1.5646219e-07,0.0012663149,-0.08992435,-3.0133056e-06,-0.0060913498,0.046656117,0.15535448,1.0976564e-05,0.2458502,9.112523e-05,0.00030342673,2.1438602e-08,0.00048017618,10.417293,34.687267,0.0024508273,54.892986,41.155315,37.59298,0.0012407339,21.250465,"[0.70, 0.80)"
B0018,unseen_cell,24.0,128,0.7349874973297119,0.7715754508972168,0.03658795356750488,0.03658795356750488,0.871135950088501,-0.09956049919128418,-0.09956027,2.30968e-07,0.0037131344,-0.08907152,-2.8311379e-06,-0.0141990455,0.05392386,0.15441535,1.0944636e-05,0.24419688,0.00010532004,0.0003015925,2.1376243e-08,0.00047694703,11.915637,34.121395,0.0024184529,53.960556,41.692417,37.887592,0.0012449832,20.418749,"[0.70, 0.80)"
B0018,unseen_cell,24.0,129,0.7287662029266357,0.7637062072753906,0.03494000434875488,0.03494000434875488,0.871135950088501,-0.10742974281311035,-0.10742937,3.7252903e-07,-0.001746009,-0.085977696,-2.7683518e-06,-0.019702893,0.057482675,0.15566595,1.1082291e-05,0.24174501,0.00011227085,0.00030403506,2.16451e-08,0.00047215822,12.636201,34.219463,0.0024361785,53.1419,42.33394,37.73269,0.0012372244,19.932127,"[0.70, 0.80)"
B0018,unseen_cell,24.0,130,0.7303469777107239,0.7710405588150024,0.040693581104278564,0.040693581104278564,0.871135950088501,-0.10009539127349854,-0.10009518,2.0861626e-07,-0.0074342806,-0.08509211,-2.8743593e-06,-0.007565913,0.047748912,0.15844883,1.1441061e-05,0.24190423,9.3259594e-05,0.00030947037,2.2345823e-08,0.0004724692,10.655541,35.35909,0.0025531622,53.98281,42.678226,36.74992,0.0012479924,20.570602,"[0.70, 0.80)"
B0018,unseen_cell,24.0,131,0.7229370474815369,0.7671364545822144,0.04419940710067749,0.04419940710067749,0.871135950088501,-0.10399949550628662,-0.10399931,1.8626451e-07,-0.008698086,-0.080897994,-2.7798155e-06,-0.014400454,0.058124494,0.15691544,1.1232196e-05,0.24096757,0.0001135244,0.00030647547,2.1937883e-08,0.0004706398,12.746075,34.409866,0.0024630995,52.84159,43.26352,36.933987,0.0012393715,19.801256,"[0.70, 0.80)"
B0032,unseen_cell,43.0,0,1.0,1.0189757347106934,0.01897573471069336,0.01897573471069336,0.871135950088501,0.14783978462219238,0.14784,2.0861626e-07,-0.048874654,0.2512019,-2.6683221e-05,-0.054460566,0.18271734,1.2607384,0.005743232,0.45016766,0.0003568698,0.0024623796,1.121725e-05,0.0008792337,9.619908,66.376785,0.30237618,23.700935,20.909634,70.57026,0.19003202,8.330068,"[1.00, 1.15]"
B0032,unseen_cell,43.0,1,1.099658727645874,1.090243935585022,-0.00941479206085205,0.00941479206085205,0.871135950088501,0.219107985496521,0.21910828,2.9802322e-07,-0.03185994,0.16902229,0.0005447726,0.08140116,0.1253152,1.1528254,0.0030077654,0.2053093,0.00024475626,0.002251612,5.874542e-06,0.00040099473,8.430459,77.555214,0.20234452,13.811985,21.26517,71.09803,0.07794171,7.558856,"[1.00, 1.15]"
B0032,unseen_cell,43.0,2,1.0942189693450928,1.0892091989517212,-0.005009770393371582,0.005009770393371582,0.871135950088501,0.21807324886322021,0.21807367,4.172325e-07,-0.03364992,0.17083466,0.0006346769,0.080254264,0.124706596,1.1554277,0.0033078834,0.20580472,0.00024356757,0.0022566947,6.4607098e-06,0.00040196234,8.373802,77.584694,0.22211786,13.819382,21.212027,71.01266,0.083634056,7.691684,"[1.00, 1.15]"
B0032,unseen_cell,43.0,3,1.0867375135421753,1.0883854627609253,0.00164794921875,0.00164794921875,0.871135950088501,0.21724951267242432,0.21725003,5.2154064e-07,-0.035464704,0.17203274,0.0006894572,0.07999253,0.12407421,1.1602204,0.0034840808,0.20641083,0.00024233245,0.0022660554,6.8048453e-06,0.00040314614,8.303781,77.64881,0.23317531,13.814233,21.129145,70.99847,0.08782742,7.7845597,"[1.00, 1.15]"
B0032,unseen_cell,43.0,4,1.0817134380340576,1.0880368947982788,0.006323456764221191,0.006323456764221191,0.871135950088501,0.21690094470977783,0.21690108,1.3411045e-07,-0.035526156,0.16948432,0.0006863618,0.082256556,0.1347078,1.1674006,0.0035598015,0.20477231,0.00026310116,0.0022800793,6.9527373e-06,0.00039994591,8.918444,77.28875,0.23567967,13.557124,21.519175,70.793724,0.08525529,7.601848,"[1.00, 1.15]"
B0032,unseen_cell,43.0,5,1.0810385942459106,1.085997462272644,0.0049588680267333984,0.0049588680267333984,0.871135950088501,0.21486151218414307,0.21486194,4.3213367e-07,-0.03847406,0.17361812,0.0008025998,0.07891528,0.12744734,1.1709796,0.0038449084,0.20760381,0.00024892058,0.0022870696,7.509587e-06,0.0004054762,8.440916,77.5547,0.25465068,13.749729,21.131811,70.821846,0.09708653,7.9492583,"[1.00, 1.15]"
B0032,unseen_cell,43.0,6,1.0735646486282349,1.077876329421997,0.004311680793762207,0.004311680793762207,0.871135950088501,0.2067403793334961,0.20674072,3.427267e-07,-0.041625004,0.17101772,0.0009582974,0.076389715,0.12794945,1.2023518,0.0047124545,0.21253878,0.00024990126,0.0023483434,9.204013e-06,0.0004151148,8.267858,77.69376,0.30451015,13.733866,20.566025,70.807915,0.12564826,8.500408,"[1.00, 1.15]"
B0032,unseen_cell,43.0,7,1.0659992694854736,1.072523832321167,0.006524562835693359,0.006524562835693359,0.871135950088501,0.20138788223266602,0.20138828,4.0233135e-07,-0.043991707,0.16940798,0.00092157134,0.07505043,0.12743083,1.2195634,0.0049555684,0.21482259,0.00024888833,0.0023819597,9.678844e-06,0.00041957537,8.133335,77.839226,0.31629157,13.711156,20.297087,70.78823,0.14149135,8.773195,"[1.00, 1.15]"
B0032,unseen_cell,43.0,8,1.0592042207717896,1.067047357559204,0.00784313678741455,0.00784313678741455,0.871135950088501,0.19591140747070312,0.19591182,4.172325e-07,-0.04573118,0.1671208,0.0007194191,0.073802784,0.1255069,1.2067499,0.005147051,0.21579932,0.00024513065,0.0023569334,1.0052834e-05,0.00042148304,8.08052,77.694275,0.33138296,13.893824,20.108786,70.74627,0.15528095,8.989659,"[1.00, 1.15]"
B0032,unseen_cell,43.0,9,1.0645909309387207,1.0649571418762207,0.0003662109375,0.0003662109375,0.871135950088501,0.19382119178771973,0.1938215,3.1292439e-07,-0.045800723,0.16425735,0.00064128934,0.074723594,0.13146669,1.20509,0.005234532,0.21481203,0.00025677087,0.0023536915,1.0223695e-05,0.00041955474,8.445742,77.41793,0.33627915,13.800051,20.28946,70.64289,0.159116,8.908539,"[1.00, 1.15]"
B0032,unseen_cell,43.0,10,1.0555181503295898,1.045182228088379,-0.010335922241210938,0.010335922241210938,0.871135950088501,0.17404627799987793,0.17404664,3.5762787e-07,-0.050053034,0.16115291,0.0008090865,0.06213766,0.12626612,1.2037265,0.005117126,0.22376835,0.00024661352,0.0023510284,9.994386e-06,0.00043704757,8.099807,77.21748,0.32825693,14.354448,20.657871,70.2081,0.17393124,8.960107,"[1.00, 1.15]"
B0032,unseen_cell,43.0,11,1.0479730367660522,1.0411914587020874,-0.006781578063964844,0.006781578063964844,0.871135950088501,0.17005550861358643,0.17005587,3.5762787e-07,-0.051097654,0.15838641,0.0007386159,0.06202849,0.12623936,1.1944952,0.0050547784,0.22416548,0.00024656125,0.0023329984,9.872614e-06,0.0004378232,8.144712,77.06646,0.32612425,14.462711,20.68264,69.99573,0.18288676,9.138749,"[1.00, 1.15]"
B0032,unseen_cell,43.0,12,1.0402911901474,1.0295491218566895,-0.01074206829071045,0.01074206829071045,0.871135950088501,0.15841317176818848,0.15841357,4.0233135e-07,-0.054761276,0.15300381,0.00025129024,0.05991974,0.12454675,1.1534901,0.004775102,0.22428137,0.00024325537,0.0022529103,9.326371e-06,0.00043804955,8.264038,76.53741,0.31684184,14.881718,20.727625,69.46414,0.20742062,9.60082,"[1.00, 1.15]"
B0032,unseen_cell,43.0,13,1.0382031202316284,1.0272605419158936,-0.010942578315734863,0.010942578315734863,0.871135950088501,0.15612459182739258,0.15612498,3.874302e-07,-0.054899037,0.15201542,0.00025529563,0.058753297,0.12585184,1.153622,0.004672843,0.2257006,0.00024580437,0.002253168,9.126647e-06,0.0004408215,8.335402,76.40653,0.3094911,14.94857,20.822247,69.22374,0.21201561,9.7420025,"[1.00, 1.15]"
B0032,unseen_cell,43.0,14,1.0555245876312256,1.0512163639068604,-0.004308223724365234,0.004308223724365234,0.871135950088501,0.18008041381835938,0.18008085,4.3213367e-07,-0.04763445,0.15603797,0.00017385854,0.07150347,0.13687053,1.1807587,0.004946591,0.21906435,0.00026732526,0.0023061694,9.66131e-06,0.00042786007,8.878242,76.59107,0.32086548,14.209825,20.362322,69.804436,0.19703989,9.636203,"[1.00, 1.15]"
B0032,unseen_cell,43.0,15,1.0539567470550537,1.0369230508804321,-0.017033696174621582,0.017033696174621582,0.871135950088501,0.16578710079193115,0.16578758,4.7683716e-07,-0.05087515,0.15674368,0.00069483137,0.059224226,0.13190703,1.2017586,0.0049424917,0.22826819,0.00025763092,0.0023471848,9.653304e-06,0.0004458363,8.418471,76.69774,0.31543598,14.56836,20.895206,69.51012,0.19094501,9.403736,"[1.00, 1.15]"
B0032,unseen_cell,43.0,16,1.0463160276412964,1.0249853134155273,-0.021330714225769043,0.021330714225769043,0.871135950088501,0.15384936332702637,0.15384981,4.4703484e-07,-0.054367065,0.15070623,0.00027858227,0.057232063,0.1295387,1.1592033,0.0045999954,0.22844934,0.00025300527,0.002264069,8.984366e-06,0.00044619013,8.512251,76.17361,0.30227503,15.011871,20.957548,68.96715,0.21488245,9.860416,"[1.00, 1.15]"
B0032,unseen_cell,43.0,17,1.0379973649978638,1.0179414749145508,-0.02005589008331299,0.02005589008331299,0.871135950088501,0.1468055248260498,0.14680567,1.4901161e-07,-0.05428926,0.14621562,4.5782217e-05,0.05483353,0.13012674,1.1253448,0.004468262,0.22881651,0.0002541538,0.002197939,8.727075e-06,0.00044690724,8.740635,75.58959,0.3001339,15.369643,21.127537,68.68031,0.22237273,9.969779,"[1.00, 1.15]"
B0032,unseen_cell,43.0,18,1.0272338390350342,1.0187554359436035,-0.008478403091430664,0.008478403091430664,0.871135950088501,0.14761948585510254,0.14761972,2.3841858e-07,-0.10609294,0.3228464,-2.5559682e-05,-0.0691082,0.16186926,1.2847899,0.0043334644,0.4978413,0.0003161509,0.0025093553,8.463798e-06,0.0009723463,8.305954,65.92609,0.2223619,25.5456,21.19366,68.61509,0.22602388,9.965218,"[1.00, 1.15]"
B0032,unseen_cell,43.0,19,1.0380624532699585,1.0175539255142212,-0.020508527755737305,0.020508527755737305,0.871135950088501,0.14641797542572021,0.14641833,3.5762787e-07,-0.056675248,0.14529169,5.0474046e-05,0.057751417,0.13280283,1.1318816,0.0043832744,0.22720361,0.00025938053,0.0022107062,8.561083e-06,0.00044375705,8.875585,75.64681,0.2929465,15.184652,21.225977,68.70266,0.2243784,9.846986,"[1.00, 1.15]"
B0032,unseen_cell,43.0,20,1.0292742252349854,1.0166115760803223,-0.012662649154663086,0.012662649154663086,0.871135950088501,0.1454756259918213,0.14547613,5.066395e-07,-0.103758596,0.3213014,1.7757222e-05,-0.072084434,0.16300718,1.2944093,0.004364113,0.5032626,0.0003183734,0.002528143,8.523658e-06,0.0009829347,8.295349,65.871796,0.2220874,25.610765,21.378922,68.37272,0.2260102,10.022347,"[1.00, 1.15]"
B0032,unseen_cell,43.0,21,1.0199737548828125,1.0082321166992188,-0.01174163818359375,0.01174163818359375,0.871135950088501,0.13709616661071777,0.13709638,2.0861626e-07,-0.10928862,0.32415828,-0.00023109277,-0.0775422,0.16405764,1.2489946,0.0040181177,0.5109591,0.00032042508,0.0024394426,7.847886e-06,0.000997967,8.509085,64.78089,0.20840544,26.501625,21.578758,68.20957,0.23403412,9.977638,"[1.00, 1.15]"
B0032,unseen_cell,43.0,22,1.0169256925582886,1.003741979598999,-0.01318371295928955,0.01318371295928955,0.871135950088501,0.13260602951049805,0.13260643,4.0233135e-07,-0.10877347,0.32043523,-0.0002614323,-0.0787939,0.16469142,1.2456354,0.0038628615,0.5120734,0.00032166293,0.0024328816,7.5446515e-06,0.0010001434,8.549788,64.6659,0.20053655,26.583773,21.748755,68.011505,0.23530747,10.004432,"[1.00, 1.15]"
B0032,unseen_cell,43.0,23,1.0060023069381714,0.9976502656936646,-0.008352041244506836,0.008352041244506836,0.871135950088501,0.12651431560516357,0.1265145,1.7881393e-07,-0.15006402,0.42034006,-0.0001115505,-0.14365,0.19712213,1.4323204,0.003752246,0.6771811,0.00038500415,0.0027975007,7.3286055e-06,0.0013226194,8.532038,61.995125,0.16240847,29.310432,22.132051,67.51661,0.23876743,10.112578,"[1.00, 1.15]"
B0032,unseen_cell,43.0,24,1.024300217628479,1.008299708366394,-0.01600050926208496,0.01600050926208496,0.871135950088501,0.13716375827789307,0.13716394,1.7881393e-07,-0.111611865,0.33157578,-0.00018120027,-0.08261877,0.1716212,1.2738357,0.004042959,0.5273274,0.00033519766,0.0024879603,7.896404e-06,0.0010299364,8.681649,64.43839,0.20451756,26.675442,21.749683,68.05552,0.23277485,9.96203,"[1.00, 1.15]"
B0032,unseen_cell,43.0,25,1.0083791017532349,0.9967160224914551,-0.011663079261779785,0.011663079261779785,0.871135950088501,0.1255800724029541,0.12558039,3.1292439e-07,-0.15264152,0.41993064,-0.00010098444,-0.14160775,0.19861904,1.426487,0.0037397067,0.67288077,0.0003879278,0.0027861074,7.3041147e-06,0.0013142203,8.629133,61.974655,0.16247399,29.233742,22.200294,67.497536,0.23934436,10.062824,"[1.00, 1.15]"
B0032,unseen_cell,43.0,26,1.0039405822753906,0.9898314476013184,-0.014109134674072266,0.014109134674072266,0.871135950088501,0.11869549751281738,0.118695945,4.4703484e-07,-0.15245199,0.4156971,-0.00013775591,-0.14441141,0.19812861,1.4126047,0.0034497115,0.6752797,0.00038696994,0.0027589935,6.7377177e-06,0.0013189056,8.653935,61.70027,0.15067779,29.495117,22.471598,67.39866,0.23748589,9.892258,"[1.00, 1.15]"
B0032,unseen_cell,43.0,27,0.9942758083343506,0.9842042922973633,-0.010071516036987305,0.010071516036987305,0.871135950088501,0.1130683422088623,0.1130687,3.5762787e-07,-0.15284726,0.41100276,-0.0001231505,-0.14496365,0.2009942,1.4050505,0.0033029364,0.6757311,0.00039256678,0.0027442393,6.4510477e-06,0.0013197873,8.795941,61.488056,0.14454366,29.571459,22.844423,67.160034,0.23366402,9.761871,"[0.90, 1.00)"
B0032,unseen_cell,43.0,28,0.9974474906921387,0.9862791299819946,-0.011168360710144043,0.011168360710144043,0.871135950088501,0.11514317989349365,0.115143664,4.8428774e-07,-0.123519264,0.33727384,-0.00029926738,-0.09831164,0.17656434,1.2287543,0.0029897182,0.55288464,0.00034485222,0.0023999107,5.8392934e-06,0.0010798528,9.002905,62.653404,0.15244386,28.191238,22.829842,67.56994,0.22191466,9.378301,"[0.90, 1.00)"
B0032,unseen_cell,43.0,29,1.0018974542617798,0.9904568195343018,-0.011440634727478027,0.011440634727478027,0.871135950088501,0.11932086944580078,0.11932118,3.1292439e-07,-0.1264472,0.34685057,-0.0003170463,-0.10076514,0.18130124,1.2447355,0.0031896732,0.561342,0.00035410398,0.002431124,6.2298304e-06,0.0010963711,9.108014,62.531662,0.16023931,28.200087,22.573114,67.69672,0.22905087,9.501124,"[1.00, 1.15]"
B0032,unseen_cell,43.0,30,0.9921233057975769,0.9837971925735474,-0.008326113224029541,0.008326113224029541,0.871135950088501,0.11266124248504639,0.11266133,8.940697e-08,-0.15901732,0.41464558,-9.6694566e-05,-0.14287022,0.20458007,1.4018424,0.0031797425,0.6722211,0.00039957045,0.0027379734,6.2104345e-06,0.0013129319,8.96564,61.43518,0.13935095,29.459822,23.05534,67.23039,0.2249247,9.489348,"[0.90, 1.00)"
B0032,unseen_cell,43.0,31,0.9880256056785583,0.9815092086791992,-0.006516396999359131,0.006516396999359131,0.871135950088501,0.11037325859069824,0.1103732,5.9604645e-08,-0.15712552,0.41099498,-8.93831e-05,-0.1434069,0.20470116,1.4010329,0.0031512182,0.6725903,0.00039980694,0.0027363924,6.154723e-06,0.001313653,8.972314,61.40907,0.13812193,29.480495,23.183447,67.14113,0.22182654,9.45361,"[0.90, 1.00)"
B0032,unseen_cell,43.0,32,0.9760529398918152,0.9584105014801025,-0.017642438411712646,0.017642438411712646,0.871135950088501,0.08727455139160156,0.08727485,2.9802322e-07,-0.18533598,0.38013253,2.9244722e-05,-0.10755095,0.21996067,1.3864558,0.0030354185,0.6217241,0.0004296107,0.0027079214,5.9285517e-06,0.0012143049,9.858509,62.140137,0.13604568,27.86531,24.302141,66.63841,0.2301075,8.829334,"[0.90, 1.00)"
B0032,unseen_cell,43.0,33,0.9787508249282837,0.9765942096710205,-0.0021566152572631836,0.0021566152572631836,0.871135950088501,0.10545825958251953,0.10545859,3.2782555e-07,-0.15894763,0.4096236,-3.7829624e-05,-0.14517957,0.20802855,1.3949604,0.0030448702,0.6739421,0.00040630577,0.002724532,5.947012e-06,0.0013162931,9.124156,61.18312,0.13354835,29.559177,23.520058,67.01388,0.21461672,9.251443,"[0.90, 1.00)"
B0032,unseen_cell,43.0,34,0.9912428855895996,0.9784835577011108,-0.01275932788848877,0.01275932788848877,0.871135950088501,0.10734760761260986,0.10734779,1.7881393e-07,-0.15606566,0.40883502,-9.58805e-05,-0.14532569,0.20935711,1.3990793,0.0031324588,0.6758383,0.0004089006,0.0027325768,6.1180835e-06,0.0013199967,9.152595,61.16442,0.13694365,29.546043,23.348228,66.96975,0.2226098,9.459409,"[0.90, 1.00)"
B0032,unseen_cell,43.0,35,0.9792168736457825,0.9555041790008545,-0.02371269464492798,0.02371269464492798,0.871135950088501,0.08436822891235352,0.08436851,2.8312206e-07,-0.18438503,0.3804263,2.9212708e-05,-0.11170195,0.2201556,1.3891022,0.0029734927,0.628289,0.0004299914,0.0027130903,5.807603e-06,0.0012271269,9.826093,61.999096,0.13271439,28.042103,24.454622,66.51669,0.22464801,8.804037,"[0.90, 1.00)"
B0032,unseen_cell,43.0,36,0.9756922125816345,0.9705556631088257,-0.005136549472808838,0.005136549472808838,0.871135950088501,0.09941971302032471,0.09941982,1.0430813e-07,-0.15925737,0.4055069,2.2784487e-05,-0.14685251,0.20987037,1.3893659,0.0028640656,0.67549187,0.00040990306,0.0027136053,5.593878e-06,0.00131932,9.214572,61.001522,0.1257497,29.658157,23.90165,66.92025,0.20394433,8.974146,"[0.90, 1.00)"
B0032,unseen_cell,43.0,37,0.9640740156173706,0.9572361707687378,-0.0068378448486328125,0.0068378448486328125,0.871135950088501,0.08610022068023682,0.08610048,2.6077032e-07,-0.19176936,0.37839383,4.346593e-05,-0.10056745,0.22620344,1.3782557,0.0028522275,0.6133322,0.0004418036,0.0026919057,5.570757e-06,0.0011979145,10.186391,62.0656,0.12844148,27.61957,24.592136,66.848,0.21532057,8.344543,"[0.90, 1.00)"
B0032,unseen_cell,43.0,38,0.9594900012016296,0.9489929676055908,-0.010497033596038818,0.010497033596038818,0.871135950088501,0.07785701751708984,0.077857055,3.7252903e-08,-0.18962842,0.37549013,7.14295e-05,-0.10807609,0.22529906,1.3803978,0.002633687,0.6254778,0.00044003723,0.0026960894,5.14392e-06,0.0012216363,10.085872,61.795704,0.1179012,28.00051,25.18108,66.689445,0.18841031,7.9410577,"[0.90, 1.00)"
B0053_test,temporal_holdout,4.0,37,0.948963463306427,0.9594104290008545,0.01044696569442749,0.01044696569442749,0.871135950088501,0.08827447891235352,0.0882746,1.1920929e-07,-0.49487892,0.07400125,0.085272685,0.42387956,0.9554335,0.20082745,0.18223074,0.5784285,0.001866081,0.0003922411,0.00035591942,0.0011297432,49.84211,10.476568,9.5064335,30.174887,55.877007,5.5021143,15.982321,22.638563,"[0.90, 1.00)"
B0053_test,temporal_holdout,4.0,38,0.9176807999610901,0.9296844005584717,0.012003600597381592,0.012003600597381592,0.871135950088501,0.0585484504699707,0.05854854,8.940697e-08,-0.47133103,0.06491081,0.079626516,0.38534227,0.89891315,0.18264548,0.19321623,0.5491811,0.0017556897,0.00035672946,0.00037737546,0.0010726193,49.28371,10.013701,10.593251,30.10934,56.170197,5.010953,16.543161,22.275688,"[0.90, 1.00)"
B0053_test,temporal_holdout,4.0,39,0.9392287731170654,0.9401528835296631,0.0009241104125976562,0.0009241104125976562,0.871135950088501,0.06901693344116211,0.06901699,5.9604645e-08,-0.44720858,0.06725849,0.08274436,0.36622274,0.9003116,0.19351557,0.18285654,0.5513303,0.0017584211,0.0003779601,0.0003571417,0.001076817,49.2508,10.58611,10.003016,30.160072,55.657066,5.1428556,16.981247,22.218824,"[0.90, 1.00)"
B0053_test,temporal_holdout,4.0,40,0.9426443576812744,0.9561166763305664,0.013472318649291992,0.013472318649291992,0.871135950088501,0.08498072624206543,0.084980875,1.4901161e-07,-0.48169914,0.08799605,0.07903232,0.39965168,0.882481,0.21329638,0.17626154,0.5515755,0.0017235957,0.0004165945,0.00034426083,0.0010772959,48.391865,11.696354,9.665505,30.246279,56.256264,4.932143,16.909727,21.901873,"[0.90, 1.00)"
B0053_test,temporal_holdout,4.0,41,0.9189184904098511,0.9328955411911011,0.01397705078125,0.01397705078125,0.871135950088501,0.0617595911026001,0.06175974,1.4901161e-07,-0.46287656,0.06962858,0.072899416,0.3821083,0.9009048,0.1884653,0.17837194,0.56811833,0.0017595796,0.00036809628,0.0003483827,0.0011096061,49.072624,10.265776,9.715986,30.94562,56.73544,4.6817513,16.42059,22.162224,"[0.90, 1.00)"
B0053_test,temporal_holdout,4.0,42,0.9713406562805176,0.955534815788269,-0.015805840492248535,0.015805840492248535,0.871135950088501,0.08439886569976807,0.08439857,2.9802322e-07,-0.43035388,0.011232164,0.088863574,0.4146567,0.9271784,0.13309467,0.20623201,0.584154,0.0018108953,0.00025995052,0.0004027969,0.0011409258,50.099903,7.1917443,11.143706,31.564648,54.924698,5.6930113,16.809904,22.572388,"[0.90, 1.00)"
B0053_test,temporal_holdout,4.0,43,1.0072392225265503,0.9852852821350098,-0.021953940391540527,0.021953940391540527,0.871135950088501,0.11414933204650879,0.11414933,0.0,-0.5058993,0.06796451,0.10448049,0.44760364,0.9256177,0.1966146,0.21395424,0.56966776,0.0018078471,0.00038401288,0.00041787938,0.0011126323,48.567078,10.31635,11.22616,29.890415,55.041653,5.77424,17.25666,21.927443,"[1.00, 1.15]"
B0053_test,temporal_holdout,4.0,44,1.0028328895568848,0.983749270439148,-0.019083619117736816,0.019083619117736816,0.871135950088501,0.11261332035064697,0.11261365,3.2782555e-07,-0.47171646,0.04941706,0.093216226,0.44169685,0.92181563,0.17968702,0.1978212,0.5855431,0.0018004212,0.00035095122,0.00038636953,0.0011436389,48.90614,9.533141,10.4952345,31.065487,54.43237,5.852984,17.499441,22.21521,"[1.00, 1.15]"
B0053_test,temporal_holdout,4.0,45,0.9469828009605408,0.9365915060043335,-0.010391294956207275,0.010391294956207275,0.871135950088501,0.06545555591583252,0.065455556,0.0,-0.47077972,0.051153023,0.085772544,0.3993097,0.9198844,0.17375767,0.20566435,0.5627505,0.0017966492,0.00033937045,0.0004016882,0.0010991221,49.401516,9.3314905,11.045009,30.221981,55.6049,5.303016,16.682644,22.409443,"[0.90, 1.00)"
B0053_test,temporal_holdout,4.0,46,0.9615136981010437,0.9542409181594849,-0.007272779941558838,0.007272779941558838,0.871135950088501,0.08310496807098389,0.08310491,5.9604645e-08,-0.5111857,0.06787658,0.098241955,0.42817208,1.0024018,0.20085046,0.21582204,0.56723875,0.001957816,0.00039228605,0.00042152742,0.0011078882,50.465446,10.111722,10.865459,28.55737,55.111416,5.78567,16.314632,22.788288,"[0.90, 1.00)"
B0053_test,temporal_holdout,4.0,47,0.9637774229049683,0.9569621086120605,-0.006815314292907715,0.006815314292907715,0.871135950088501,0.08582615852355957,0.08582601,1.4901161e-07,-0.4764245,0.059303354,0.08269647,0.42025068,0.93816644,0.181561,0.1958936,0.59398115,0.0018323563,0.00035461131,0.0003826047,0.0011601194,49.128895,9.5077915,10.258346,31.104967,56.01013,5.171569,16.61647,22.20182,"[0.90, 1.00)"
B0053_test,temporal_holdout,4.0,48,0.9873492121696472,0.9797153472900391,-0.007633864879608154,0.007633864879608154,0.871135950088501,0.10857939720153809,0.108579576,1.7881393e-07,-0.48185736,0.07311183,0.09243121,0.4248939,0.8965031,0.20344704,0.19639891,0.55928266,0.0017509826,0.0003973575,0.00038359163,0.001092349,48.312553,10.963762,10.583938,30.139744,54.714714,5.7270017,17.500196,22.058088,"[0.90, 1.00)"
B0053_test,temporal_holdout,4.0,49,0.9363692998886108,0.9393095970153809,0.0029402971267700195,0.0029402971267700195,0.871135950088501,0.06817364692687988,0.068173885,2.3841858e-07,-0.49240565,0.07042892,0.08179706,0.40835357,0.9308022,0.19156948,0.19843902,0.5706653,0.0018179731,0.00037415914,0.0003875762,0.0011145807,49.210365,10.128042,10.491226,30.170372,56.066383,5.1362157,16.553923,22.243479,"[0.90, 1.00)"
B0053_test,temporal_holdout,4.0,50,0.9789944887161255,0.9740726947784424,-0.0049217939376831055,0.0049217939376831055,0.871135950088501,0.1029367446899414,0.102936804,5.9604645e-08,-0.50095963,0.0988126,0.09639369,0.40869015,0.86834323,0.22796261,0.20243126,0.52683634,0.0016959829,0.00044523948,0.00039537356,0.0010289772,47.565506,12.487178,11.088639,28.858677,55.6238,5.651714,17.305828,21.418657,"[0.90, 1.00)"
B0053_test,temporal_holdout,4.0,51,0.9794600605964661,0.9761825799942017,-0.0032774806022644043,0.0032774806022644043,0.871135950088501,0.10504662990570068,0.10504681,1.7881393e-07,-0.513892,0.09896888,0.093131706,0.42683822,0.93127894,0.23104239,0.19696434,0.5480158,0.0018189042,0.00045125466,0.00038469597,0.0010703433,48.827045,12.113575,10.326859,28.732521,55.244583,5.475744,16.892286,22.387383,"[0.90, 1.00)"
B0053_test,temporal_holdout,4.0,52,0.9449391961097717,0.9437185525894165,-0.0012206435203552246,0.0012206435203552246,0.871135950088501,0.07258260250091553,0.07258248,1.1920929e-07,-0.47462672,0.068602055,0.07723734,0.4013698,0.92713726,0.19011533,0.18845661,0.58325183,0.001810815,0.000371319,0.00036807932,0.0011391637,49.081863,10.064545,9.976733,30.876858,56.39634,4.8986006,16.403387,22.30167,"[0.90, 1.00)"
